CID,INTENSITY,PLEASANTNESS,BAKERY,SWEET,FRUIT,FISH,GARLIC,SPICES,COLD,SOUR,BURNT,ACID,WARM,MUSKY,SWEATY,AMMONIA,DECAYED,WOOD,GRASS,FLOWER,CHEMICAL
126,35.529411765,48.956521739,0.63043478261,24.347826087,6.2391304348,0.28260869565,1.6086956522,3.652173913,4,7.5,1.5869565217,2.847826087,0.91304347826,8.3043478261,1.5,1.8043478261,4.9782608696,1.2608695652,1.347826087,9.2608695652,14.239130435
176,18.785714286,48.461538462,2.5384615385,6.6923076923,1.2307692308,0,7.1923076923,8.2307692308,5.7692307692,15.307692308,3.8461538462,3.5,4.2307692308,6.7692307692,7.1538461538,3.6153846154,3.0384615385,1.8076923077,1.9615384615,4.1153846154,3.3846153846
177,42.894736842,45.315789474,8.4210526316,20.078947368,1.7631578947,0,0.63157894737,2.5,7,10.447368421,0.92105263158,4.4473684211,4.5263157895,3.4210526316,1.9473684211,3.7894736842,3.2631578947,1.0263157895,4,2.1842105263,18.789473684
196,14.652173913,53.21875,1.75,18.3125,1.3125,0,1.90625,6.15625,5.5625,6.21875,3.6875,3.21875,9.4375,6.78125,6.09375,2.78125,6.90625,1.1875,2.21875,9.625,7.75
239,35.75862069,51.351351351,0.67567567568,8.5675675676,2.3513513514,1,2.3513513514,2.7297297297,7.1891891892,7.2972972973,3.4864864865,3.8918918919,3.9189189189,5.2432432432,0.54054054054,0.18918918919,3.3243243243,4.8918918919,6.8648648649,5.7837837838,10.486486486
240,77.489795918,61.87755102,17.408163265,43.265306122,28.489795918,0.40816326531,0.020408163265,6.3673469388,5.5510204082,2.8571428571,0.44897959184,2.306122449,6.6734693878,3.3265306122,0.081632653061,3.0816326531,0.22448979592,0.22448979592,1.7551020408,13.551020408,19.591836735
241,12.086956522,50.52173913,2.4347826087,7.1739130435,0.39130434783,0,1.4782608696,3.3913043478,1.1739130435,4.0434782609,6,1.7826086957,4.5652173913,10.434782609,5.4347826087,3.4347826087,0.47826086957,0,0.65217391304,6.4347826087,20.391304348
244,45.674418605,46.583333333,1.0625,22.375,13.666666667,2.3333333333,2.1041666667,6.6041666667,7.8541666667,3.3125,2.6875,10.645833333,4.625,6.5208333333,0.89583333333,6.25,4.8541666667,1.4791666667,0.020833333333,7.125,32.75
261,83.416666667,18.270833333,0.95833333333,0.97916666667,0.14583333333,3.7708333333,5.2708333333,6.0625,1.1666666667,23.8125,8.2708333333,10.958333333,4.7083333333,21.354166667,10.958333333,13.25,15.1875,1.3541666667,1.7083333333,0.95833333333,20.395833333
263,14.958333333,41.8,2.56,8.24,1.76,0.68,5.2,4.96,2.24,18.56,1.56,2.48,4.24,8,4.32,3.4,2.88,0.92,4.64,3,5
311,15.785714286,53.038461538,4.3461538462,16.807692308,0.46153846154,1.5384615385,3.4615384615,4.4230769231,10.346153846,14.730769231,2.8846153846,6.3461538462,7.1153846154,5.8461538462,2.1538461538,4.0384615385,1.5384615385,6.0384615385,2.1538461538,2.7692307692,13.423076923
325,29,32.363636364,2.5227272727,2.4318181818,0.022727272727,4.8863636364,2.1363636364,23.613636364,5.3409090909,5.9090909091,6.2045454545,15.340909091,5,7.6363636364,4.5909090909,9.25,7.2045454545,2.9090909091,4.3181818182,1.75,16.045454545
326,57.046511628,50.465116279,5.3255813953,4.3488372093,1.488372093,2.4186046512,6.6046511628,24.697674419,0.093023255814,8,4.3255813953,1.0697674419,11.837209302,9.2558139535,0.06976744186,0.97674418605,4.2093023256,3.6976744186,2,3.5348837209,7.1162790698
356,14.866666667,54.617021277,1.4680851064,23.553191489,12.659574468,0.021276595745,1.9787234043,4.3617021277,9.6170212766,5.2765957447,0.40425531915,8.7021276596,4.2127659574,2.0638297872,0.55319148936,6.4042553191,4.0212765957,0.021276595745,0.53191489362,3.6595744681,24.404255319
379,68.488372093,26.697674419,0.046511627907,0.046511627907,2.5581395349,0.74418604651,3.6976744186,1.3255813953,2.3953488372,11.302325581,8.1627906977,6.3720930233,4.511627907,16.837209302,6.0465116279,3.6744186047,8.4186046512,4,0.60465116279,0.046511627907,25.11627907
460,59.662790698,38.817204301,4.0107526882,10.301075269,0.81720430108,2.1612903226,1.6989247312,7.064516129,5.3333333333,5.3225806452,8.4193548387,5.5806451613,4.8817204301,6.5053763441,2.4623655914,2.6021505376,4.0107526882,2.1827956989,4.0752688172,6.7956989247,21.064516129
650,80.5625,26.270833333,1.4166666667,2.7916666667,2.3125,0.020833333333,3.0208333333,7.7708333333,5.5,27.583333333,5.5,10.729166667,6.4583333333,14.208333333,9.2708333333,12.708333333,4.0833333333,2.9583333333,2.0416666667,0.1875,26.645833333
660,73.265306122,64,13.795918367,33.918367347,7.1632653061,0.020408163265,0.020408163265,14.755102041,6.5306122449,4.9183673469,2.9387755102,3.8571428571,8.306122449,7.9387755102,1.0204081633,3.3469387755,1.8367346939,3.9183673469,2.306122449,14.673469388,12.93877551
807,31.095238095,15.021276596,0.021276595745,0.021276595745,0.021276595745,1.9574468085,3.6595744681,5.914893617,8.4468085106,14.212765957,7.914893617,19.829787234,4.085106383,10.893617021,8.5319148936,15.617021277,14.382978723,0.44680851064,0.51063829787,0.021276595745,30.191489362
875,31.071428571,47.970588235,5.0882352941,9.3823529412,0.88235294118,0,3.0294117647,6.7941176471,2,9.6470588235,4.5882352941,13.441176471,4.1764705882,4.0882352941,4.2647058824,6.5,2.9117647059,4.5882352941,0.64705882353,1.9411764706,17.088235294
887,19.052631579,39.137931034,0.34482758621,5.275862069,0.65517241379,3.275862069,7.4137931034,9.0344827586,4.4827586207,7.724137931,6.5172413793,9.2413793103,6.9655172414,11.379310345,9.4827586207,3.5172413793,5.4137931034,5.6206896552,2.7586206897,5.8620689655,10.034482759
957,65.291666667,50.75,0.041666666667,11.9375,8.9583333333,0.041666666667,0.33333333333,1.4791666667,10.3125,8.2083333333,3.9375,10.458333333,1,10.25,1.1041666667,7.5833333333,1.75,2.7083333333,3.6875,9.0416666667,28.645833333
994,40.048387097,42.630434783,5.5108695652,15.717391304,2.9130434783,1.0652173913,2.4456521739,4.3260869565,3,7.0869565217,15.076086957,2.6413043478,9.1195652174,10.967391304,2.6847826087,3.7065217391,2.7608695652,2.5543478261,0.72826086957,4.9891304348,8.8804347826
1001,65.404255319,28.425531915,0.042553191489,3.4893617021,1.4042553191,22.872340426,4.6595744681,3.2340425532,2.7021276596,19.382978723,4.8723404255,6.5106382979,7.5106382979,14.808510638,9.4893617021,6.9787234043,11.680851064,3.4893617021,3.170212766,8.085106383,14.829787234
1032,27.08988764,39.222222222,1.3703703704,4.8148148148,2.462962963,1.0925925926,4.3888888889,4.962962963,2.6481481481,22.555555556,2.6851851852,5.0555555556,4.3518518519,12.759259259,5.2777777778,2,1.7222222222,1.4814814815,1.037037037,2.0185185185,13.425925926
1049,16.682926829,49.545454545,6.5909090909,11.5,5.5909090909,0,7.2727272727,12.818181818,6.5454545455,15.818181818,2.8636363636,6.5909090909,2.3181818182,8.4545454545,3.1818181818,4.9545454545,1.5909090909,4.5454545455,1.9090909091,0.36363636364,5.1363636364
1068,54.133333333,35.044444444,2.4444444444,8.1111111111,4.9333333333,6.8,4.8666666667,10.4,4.2666666667,14.311111111,0.42222222222,2.8,2.8,7.1111111111,7.2,2.9555555556,17.377777778,1.5777777778,5.6,1.6666666667,6.0666666667
1110,32.666666667,33.41025641,0.12820512821,2.6153846154,0.61538461538,2.0769230769,5.5384615385,4.1282051282,2.6153846154,15.461538462,4.7179487179,4.6666666667,3.1025641026,17.897435897,10.692307692,2.5384615385,2.5641025641,3.1025641026,0.51282051282,0.41025641026,16.051282051
1136,73.0625,30.854166667,5.9583333333,2.0208333333,0,4.5,13.208333333,9.875,1.6458333333,7.2708333333,9.9166666667,4.0625,10.729166667,7.8333333333,3.7708333333,10.145833333,7.1041666667,4.1458333333,4.1875,0.8125,7.4166666667
1183,77.291666667,85.553191489,47.468085106,68.127659574,7.4255319149,0.021276595745,0.021276595745,13,0.89361702128,0.65957446809,1.4893617021,0.021276595745,19.70212766,0.51063829787,0.021276595745,0.021276595745,0.021276595745,1.3404255319,0.6170212766,5.8085106383,1.5957446809
2214,37.5,45.829787234,4.9787234043,10.914893617,4.3191489362,0.25531914894,3.2765957447,10.425531915,2.2978723404,9.5106382979,13.170212766,3.7021276596,10.978723404,7.7021276596,0.63829787234,2.6595744681,3.6382978723,5.6170212766,4.2127659574,3.9574468085,14.680851064
2345,21.095238095,48.266666667,0.022222222222,14.177777778,5.1555555556,2.4222222222,1.0666666667,3.2222222222,7.2,6.3777777778,2.7777777778,2.0222222222,5.8888888889,9.8666666667,2.2222222222,4.8,1.7777777778,1.7111111111,0.022222222222,15.688888889,19.733333333
2346,82.204081633,14.326530612,2.6530612245,1,0.14285714286,5.2040816327,5.4489795918,7.6734693878,1.7551020408,17.285714286,20.12244898,11.428571429,6.7551020408,16.693877551,10.714285714,10,12.693877551,4.2448979592,4.4489795918,3.4285714286,15.163265306
2758,71.468085106,61,2.8085106383,12.829787234,4.6595744681,0.021276595745,0.55319148936,6.085106383,13.808510638,3.4042553191,1.5744680851,6.7872340426,8.3617021277,3.4042553191,1.2340425532,4.5319148936,2.0212765957,0.021276595745,5.8723404255,13.361702128,30.382978723
2879,80.916666667,33.083333333,0.58333333333,4.4166666667,2.125,0.72916666667,0.77083333333,4.8125,8.6458333333,6.625,10.645833333,9.7708333333,7.8333333333,15.75,5.3125,13.270833333,10.854166667,2.4791666667,1.1041666667,2.375,31.25
2969,50.795454545,29.166666667,0.020833333333,2.6458333333,0.020833333333,1.2916666667,4,3.125,6.0833333333,8.5416666667,7.25,13.479166667,9.3125,11.541666667,7.5,7.3958333333,2.8333333333,11.354166667,2.0208333333,2.0416666667,26.520833333
3776,10.235294118,41.764705882,5.2941176471,1.5294117647,0,0.76470588235,4.7058823529,7.4117647059,5.1176470588,6.2352941176,5.3529411765,9.9411764706,6.7058823529,10.529411765,4.8235294118,2.3529411765,3.1764705882,4.5294117647,2.7058823529,0,13.235294118
3893,31.053571429,29.445652174,0.010869565217,2.1847826087,0.22826086957,0.30434782609,3.097826087,2.9130434783,4.0760869565,13.641304348,10.152173913,10.967391304,7.0108695652,14.445652174,7.4565217391,8.597826087,3.3804347826,7.4347826087,1.3152173913,2.6086956522,28.608695652
4133,73.367346939,59.714285714,1.1020408163,25.571428571,3.4285714286,0.020408163265,0.020408163265,10.632653061,11.408163265,3.7959183673,0.71428571429,3.1020408163,5.5102040816,0.020408163265,0.87755102041,4.8979591837,1.6326530612,0.18367346939,4.2857142857,5.7551020408,22.836734694
5541,45.658536585,34.12195122,3.5609756098,4.3414634146,1.9756097561,2.0243902439,3.1463414634,6.7804878049,1.5609756098,31.292682927,4.4390243902,14.024390244,5.6585365854,5.8780487805,4.4146341463,3.8048780488,0.31707317073,0.63414634146,0.26829268293,0.41463414634,8.1707317073
5610,23.25,30.825,0.375,3.875,0.225,0,0,2.275,1.25,5.225,13.975,11.55,5.8,5.025,2.45,18.075,3.825,0,0,2.55,24.65
5779,40.181818182,67.836734694,19.775510204,45.448979592,3.4489795918,0.24489795918,2.7959183673,6.5102040816,7.0408163265,5.3673469388,13.326530612,3,15.06122449,2.0408163265,0.28571428571,1.612244898,2.2244897959,1.5510204082,1.8367346939,4.3265306122,5.306122449
5780,38.259259259,28.553191489,4.1276595745,3.2127659574,1.0212765957,7.0425531915,11.617021277,7.170212766,1.0212765957,11.680851064,24.212765957,5.7659574468,6.2340425532,12.808510638,7.8510638298,7.5531914894,18,2.7872340426,2.5531914894,2.7446808511,8.1276595745
5950,15.47826087,54.448275862,7.4482758621,21.724137931,12.379310345,0.68965517241,3.2413793103,4.2068965517,3.7586206897,2.8620689655,4.275862069,5.4137931034,9.0689655172,4.6551724138,1.6896551724,1.7586206897,1.0689655172,4.275862069,0.58620689655,10.206896552,3.5862068966
5960,22.65,32.744680851,6.3617021277,4.5106382979,0.63829787234,0.89361702128,2.2340425532,7.7446808511,9.3191489362,10.042553191,6.5957446809,9.6808510638,1.6808510638,10.382978723,7.2765957447,9.085106383,10.872340426,3.3617021277,0.46808510638,0.1914893617,16.872340426
5961,28.842105263,47.947368421,4.8947368421,9.9473684211,0.63157894737,2,1.7368421053,11.578947368,2.8421052632,8.2105263158,2.7894736842,4.3684210526,0.63157894737,6.7894736842,5.1578947368,0,3.1052631579,6.8421052632,9.6842105263,3.5263157895,6.2631578947
6050,69.630434783,22.804347826,0.69565217391,0.82608695652,0.17391304348,4.9782608696,5.1739130435,1.1086956522,2.9347826087,24.847826087,3.2173913043,8.2826086957,5.8260869565,20.413043478,14.282608696,7.2173913043,14.739130435,5.347826087,3.8043478261,2.9347826087,9.0434782609
6054,72.857142857,51.346938776,0.26530612245,18.632653061,5.2448979592,0.020408163265,0.26530612245,6.4897959184,1.2653061224,5.3673469388,3.1632653061,5.7142857143,7.5102040816,10.632653061,5.387755102,6.306122449,4.0816326531,4.0612244898,7.9183673469,30.408163265,14.714285714
6057,29.954545455,45.227272727,0,7.5,0.68181818182,0,0,3.5454545455,9.0909090909,7.5454545455,7.7272727273,2.4090909091,4.3636363636,10.590909091,1.6818181818,3.3636363636,5.1363636364,11.454545455,1.5,3.3181818182,10.454545455
6106,47.657142857,22.104166667,3.25,5.125,2.0208333333,1.6875,3.1458333333,5.4375,0.83333333333,22.875,3.7083333333,6.1875,10.020833333,18.041666667,20.520833333,7.8333333333,21.3125,4.5416666667,1.8125,1.3125,10.625
6140,28.034482759,39.516129032,3.7096774194,8.2580645161,3.2258064516,1.6451612903,4.9677419355,5.3225806452,4.3225806452,16.35483871,2.3548387097,2.4516129032,5.5806451613,16.35483871,7.3870967742,6.8387096774,3.4516129032,1.9032258065,7.3225806452,2.8387096774,10.387096774
6184,61.985074627,21.367346939,0.20408163265,0.10204081633,1.3265306122,2.8163265306,0.81632653061,4.2857142857,5.1224489796,16.12244898,7.306122449,7.1224489796,6.8367346939,17.265306122,7.8163265306,10.775510204,12.469387755,6.6530612245,1.8571428571,0.16326530612,24.653061224
6213,23.523809524,60.764705882,13.235294118,29.735294118,2.1764705882,0,2.6176470588,7.4411764706,2.5,0.47058823529,9.3529411765,3.3823529412,10.088235294,5.1764705882,0,0.088235294118,0,6.3235294118,1.9411764706,9.5588235294,3
6276,66.657142857,25.114285714,0.028571428571,2.8857142857,1.2857142857,1.8571428571,2.2857142857,5.7142857143,6.8,18.257142857,3.9428571429,7.4,1.7714285714,22.628571429,18.342857143,14.171428571,12.714285714,4.4,2.2,0.22857142857,7.4571428571
6287,31.75,37.394736842,5.3947368421,7.3421052632,0.052631578947,0.73684210526,3.7368421053,3.6578947368,4.5526315789,1.7368421053,6.4210526316,1.2368421053,9.6842105263,13.184210526,10.947368421,4.3157894737,2.6578947368,4.6578947368,3.6578947368,3.4473684211,6.7368421053
6374,69,31.530612245,0.12244897959,2.7755102041,2.0408163265,3.0204081633,1.1632653061,3.8367346939,4.5102040816,9.7346938776,5.4489795918,16.571428571,5.5510204082,8.8367346939,2.2448979592,13.183673469,3.2653061224,2.4897959184,0.40816326531,3.8163265306,45.93877551
6448,34.756097561,46.780487805,0.58536585366,6.1707317073,2.3170731707,0.31707317073,3.2926829268,5.0975609756,10.536585366,4.8780487805,1.8780487805,8.0975609756,4.9268292683,7.3414634146,0.85365853659,8.1951219512,4.1951219512,3.1463414634,1.5853658537,6.8292682927,21.024390244
6501,37.804347826,60.606060606,5.3939393939,28.727272727,14.151515152,2.5151515152,2.303030303,3.3636363636,4,5.9393939394,1.8787878788,0.27272727273,6.9393939394,6.303030303,2.9696969697,4.7878787879,1.5454545455,1.7272727273,1.6363636364,13.303030303,9.2727272727
6505,6.9333333333,42.066666667,5.0333333333,3.1,0.033333333333,2.8333333333,6.2333333333,7.1,6.1666666667,11.1,4.6,4.8666666667,5.5333333333,9.9333333333,5.9333333333,5.2666666667,1.6333333333,5.7,0.8,0.033333333333,13.066666667
6549,63.911111111,73.066666667,3.8444444444,31.844444444,17.977777778,0.95555555556,2.6,6.9333333333,6.3555555556,3.7777777778,1.7333333333,1.4888888889,9.5777777778,1.9555555556,0.71111111111,2.3777777778,0.22222222222,1.2666666667,3.4666666667,23.844444444,10.422222222
6560,46,36.566666667,3.9333333333,7.2,1.8666666667,0,1.2666666667,5.0333333333,5.6333333333,4.6,3.8333333333,10.466666667,4.9333333333,10.6,12.4,2.8,0.9,0.56666666667,1.8,0.66666666667,19.233333333
6569,33.486486486,41.864864865,2.3783783784,7.4324324324,1.4054054054,1.3783783784,5.2162162162,8.6486486486,5.9189189189,9.7027027027,5.2972972973,7.0810810811,0.89189189189,8.5675675676,7.2162162162,3.7297297297,1.8918918919,2.8648648649,3.5135135135,3.4324324324,19.027027027
6584,27.05,25.844444444,0,1.3111111111,0.37777777778,0.2,5.4222222222,6.0444444444,4.0222222222,18.244444444,1.4666666667,12.4,2.8444444444,7.7777777778,9.4666666667,7.5777777778,5.7333333333,3.0888888889,0.44444444444,0.088888888889,28.244444444
6590,45.31147541,24.925,1.525,5.65,4.775,0.7,2.175,4.975,1.225,16.875,3.475,2.425,7.325,15.975,12.075,5.775,13.475,2.725,0,2.7,6.15
6658,53.575,40.175,0.6,6.275,4.375,1.825,7.075,7.275,5.725,9.15,3.5,9.9,7.675,11.4,3.95,5.6,1.275,7.225,4.65,6.575,19.1
6753,29.590909091,57.818181818,6.4090909091,15.545454545,1.5909090909,0,2.1818181818,0.40909090909,3.6363636364,12.318181818,1.3636363636,4,6.1818181818,10.863636364,1.2272727273,0,0.31818181818,3.0454545455,0.40909090909,8.0909090909,7.7272727273
6920,38.047619048,46.666666667,9.1538461538,10.820512821,2.9230769231,0,0.48717948718,4.7948717949,1.1025641026,5.1794871795,5.2051282051,4.7692307692,3.641025641,12.102564103,2.9743589744,1.8461538462,2.1538461538,6.1025641026,3.1794871795,3.9743589744,9.6666666667
6943,84.0625,29.25,0.041666666667,2.2708333333,0.16666666667,0.91666666667,2.4583333333,12.645833333,5.875,7,14.645833333,15.416666667,2.7291666667,2.9375,2.75,12.229166667,2.8541666667,3.6875,0.041666666667,0.041666666667,56.0625
6997,84.06122449,30.265306122,2,10.183673469,4.1224489796,0.020408163265,0.081632653061,2.7755102041,8.1020408163,4.9591836735,10.081632653,15.346938776,7.2857142857,11.12244898,0.44897959184,12.918367347,2.4489795918,3.1428571429,1.3469387755,5.7142857143,52.632653061
6998,78.382978723,29.659574468,0.021276595745,4.1063829787,3.3404255319,0.021276595745,0.87234042553,4.8510638298,10.14893617,4.5531914894,16.085106383,16.872340426,8.0425531915,2.2765957447,1.6170212766,10.893617021,1.2340425532,5.2978723404,0.021276595745,1.5319148936,35.957446809
7059,68.574468085,36.744680851,3.0638297872,7.7021276596,4.0425531915,0,0.72340425532,4.7446808511,4.4042553191,6.7021276596,4.1063829787,10.765957447,2.2978723404,8.3617021277,2.0212765957,11.531914894,0.85106382979,1.2978723404,2.4468085106,5,25.170212766
7095,32.181818182,32.428571429,0.79591836735,1.5102040816,2.3265306122,0.48979591837,3.1428571429,9.8979591837,8.387755102,10.244897959,14.428571429,15.020408163,5.1428571429,8.5510204082,1.612244898,9.612244898,2.693877551,5.2448979592,4.3469387755,3.1020408163,32.918367347
7119,72.354166667,57.916666667,2.3541666667,25.4375,5.5208333333,0.14583333333,0.16666666667,4.8125,5.1041666667,2.3125,0.33333333333,8,11.0625,2.5833333333,0.16666666667,13.104166667,2.3125,1.4166666667,2.9583333333,17.958333333,32.1875
7122,64.239130435,52.346938776,2.2244897959,21.612244898,7.1020408163,0.51020408163,0.020408163265,5.8163265306,11,4.0408163265,3,6.7959183673,6.4081632653,2.2040816327,1.0408163265,8.9591836735,1.2857142857,0,2.7959183673,11.87755102,29.285714286
7127,39.794117647,55.235294118,4.7647058824,18.323529412,1.4411764706,1.8823529412,3.7352941176,18.441176471,4.6176470588,9.1764705882,4.3529411765,3.3529411765,6.9117647059,4.9705882353,0,1.5588235294,3.6176470588,4.3823529412,4.2647058824,5.2352941176,5.1764705882
7136,51.630434783,64.673913043,18.47826087,34.369565217,5.7391304348,0.78260869565,1.1739130435,25.913043478,1.152173913,3.4130434783,5.0217391304,1.9782608696,10.543478261,0.32608695652,0.80434782609,0.10869565217,1.1956521739,3.9347826087,3.2391304348,7.9130434783,7.5652173913
7144,51.202797203,39.184782609,1.5326086957,3.9456521739,1.5,8.2391304348,5.0543478261,8.402173913,5.5869565217,4.597826087,17.695652174,5.3695652174,9.1195652174,11.565217391,1.7282608696,2.9347826087,3.1956521739,10.065217391,1.7826086957,1.8260869565,17.206521739
7147,35.555555556,54.583333333,1.4166666667,9.5277777778,4.9722222222,2.4722222222,1.3611111111,3.5277777778,9.25,4.0277777778,5.9166666667,5.1666666667,3.4444444444,3.2222222222,0.72222222222,0.25,1.6666666667,1.1666666667,2.2222222222,4.5277777778,26.583333333
7150,25.088888889,45.47826087,4.5217391304,12.782608696,7.1304347826,0.95652173913,1,7.2173913043,3.347826087,4.6086956522,4.652173913,6.7391304348,8.652173913,3.1304347826,2.0434782609,1.1739130435,5.1739130435,4.7826086957,1.8695652174,12.913043478,11.086956522
7151,64.225,39.574468085,1.5106382979,11.957446809,3.9574468085,0.21276595745,1.5957446809,4.5106382979,7.0212765957,5.9361702128,4.6595744681,9.2765957447,2.2127659574,11.978723404,3.3191489362,11.489361702,2.914893617,4.170212766,3.1063829787,3.8510638298,29.489361702
7165,64.933333333,58.8,1.1111111111,27.355555556,15.177777778,0.022222222222,0.93333333333,3.5555555556,10.4,5.3333333333,1.4444444444,11.444444444,5.8222222222,1.4,2.7111111111,3.7333333333,2.1111111111,2.3333333333,3.4666666667,8.7555555556,29.177777778
7194,19.588235294,54.605263158,0,12.263157895,0.28947368421,0,0.78947368421,4.1315789474,4.5526315789,3.5526315789,0.26315789474,3.8684210526,2.8947368421,4.0789473684,0.39473684211,1.8947368421,0,1.5,2.2105263158,25.763157895,11.052631579
7288,58.578947368,43.552631579,0.026315789474,4.1842105263,1.9210526316,0.026315789474,0.026315789474,3.7368421053,1.4210526316,7.5789473684,2.3157894737,9.9736842105,0.63157894737,3.4736842105,0.86842105263,8.4473684211,0.97368421053,2.6578947368,1.2894736842,3.1842105263,43.947368421
7335,74.291666667,29.208333333,2.6458333333,2.3333333333,1.4791666667,6.7291666667,10.958333333,7.8958333333,5.2916666667,15.0625,6.4791666667,10.416666667,2.9791666667,10.854166667,5.2708333333,4.0833333333,2.2083333333,5.0208333333,6.4791666667,1.2708333333,18.125
7341,33.156862745,50.322580645,3.6774193548,12.870967742,8.4516129032,0.032258064516,0.032258064516,2.064516129,1,12.35483871,4.3870967742,6.6129032258,3.3548387097,10.387096774,7.6129032258,2.064516129,1.4838709677,1.8709677419,4.4838709677,8.7419354839,12.129032258
7360,31.8,39.833333333,3.7333333333,9.0666666667,0.66666666667,0.33333333333,3.4333333333,5.3,3.8,6.4333333333,2.6666666667,8.8666666667,3.2666666667,2.3333333333,1.6666666667,4.4,4,3.8666666667,3.9333333333,4.8333333333,13.566666667
7361,56.577777778,39.444444444,3.6222222222,12.244444444,3.4888888889,3.2,3.5777777778,9.5555555556,1.8666666667,10.2,7.8666666667,4.6888888889,5.7111111111,8.3333333333,2.5777777778,3.7777777778,6.6,3.7777777778,1.4444444444,2.0666666667,14.822222222
7410,80.918367347,52.12244898,1.2857142857,21.346938776,9.0816326531,0.040816326531,1.4285714286,5.9795918367,7.3265306122,3.4489795918,4.5510204082,11.510204082,4.9183673469,3.9591836735,0.48979591837,9.1632653061,1.387755102,1.4489795918,1.7346938776,15.714285714,34.755102041
7463,68.177777778,37,0.30612244898,5.1428571429,3.1428571429,0.18367346939,3.612244898,11.897959184,10.326530612,9.1224489796,9.4489795918,21.755102041,3.8979591837,5.2244897959,2.4489795918,16.12244898,2.3265306122,6.9591836735,3.4489795918,0.89795918367,46.367346939
7500,77.367346939,37.081632653,1.1428571429,2.693877551,0.020408163265,0.020408163265,0.020408163265,5,6.7959183673,4.5102040816,6.0408163265,9.3673469388,6.2040816327,5.306122449,0.30612244898,10.836734694,4.0816326531,2.9183673469,0.89795918367,2.7346938776,53.102040816
7519,75.895833333,29.75,0.083333333333,2.8958333333,1.0833333333,1.5416666667,1.5833333333,2.9791666667,4.5833333333,7.375,9.5625,15.1875,5.2083333333,8.2708333333,3.1666666667,14.854166667,5.0625,7.375,2.1875,2.1041666667,46.75
7583,55.808510638,50.723404255,2.7234042553,7.6808510638,2.7446808511,0.48936170213,1.8936170213,6.7021276596,7.2553191489,4.2978723404,2.1489361702,12.29787234,3.1276595745,1.6170212766,0.95744680851,6.0638297872,1.9361702128,3.8510638298,2.829787234,4,25
7593,78.625,32.020833333,2.0833333333,8.1875,0.020833333333,0.020833333333,2.3541666667,7.0833333333,3.25,9.1041666667,8,7.3541666667,7.1875,18.333333333,11.5,13.020833333,7.0625,2.75,0.91666666667,2.9166666667,17.166666667
7635,45.674418605,42.279069767,1.7209302326,6.9302325581,2.2093023256,1.3720930233,1.5581395349,4.5581395349,1.1627906977,5.4418604651,7.5581395349,6.4651162791,7.9534883721,9.0465116279,2.6511627907,2.9534883721,1.0697674419,4.5581395349,3.2558139535,4.1395348837,20.674418605
7654,61.428571429,53.265306122,0.061224489796,18.530612245,4.2244897959,0.020408163265,1.7142857143,3.612244898,6.8367346939,6.5714285714,2.8979591837,4.2040816327,4.2448979592,3.4081632653,2.3673469388,3.5918367347,1.7346938776,0.36734693878,3.2857142857,25.12244898,15.020408163
7695,61.441860465,71.604651163,6.6511627907,39.162790698,12.76744186,0.023255813953,0.46511627907,6.1162790698,3.9302325581,6.2093023256,1.4186046512,1.6046511628,6.3488372093,3.0930232558,0.023255813953,0.023255813953,2,0.023255813953,2.1395348837,19.720930233,11.162790698
7720,80.520833333,19.875,0.020833333333,3.8333333333,1.9583333333,2.25,6.3333333333,4.75,5.25,22.4375,12.083333333,7.7708333333,3.9791666667,19.770833333,12.708333333,6.5208333333,10.375,0.58333333333,2.7708333333,1.25,21.1875
7731,71.744680851,46.489361702,1.1914893617,13.127659574,3.0425531915,0.3829787234,0.36170212766,6.6170212766,7.5531914894,9.2553191489,3.1914893617,6.5531914894,3.085106383,7.5531914894,1.4468085106,4.5744680851,4.085106383,1.9787234043,3.7234042553,12.723404255,15.042553191
7749,78.958333333,39.104166667,3.5416666667,19.770833333,9.8125,0.83333333333,2.875,2.9583333333,6.5208333333,7,6.5,8.7708333333,4.6666666667,6.9166666667,1.4166666667,7.5208333333,9.375,1.0416666667,1.6875,4.5625,31.416666667
7761,58.571428571,71.510204082,8.6326530612,49.265306122,38.836734694,0.020408163265,0.020408163265,3.2857142857,4.8163265306,3.2244897959,0.5306122449,1.7959183673,5.4693877551,1.2040816327,0.020408163265,0.020408163265,1.1224489796,0.020408163265,1.0204081633,12.632653061,4.9591836735
7762,78.428571429,60.12244898,8.0612244898,51.510204082,30.428571429,0.020408163265,0.020408163265,2.5714285714,4.8979591837,10.693877551,1.4897959184,2.3673469388,7.0204081633,1.7755102041,2.5306122449,0.67346938776,4.5306122449,0.51020408163,0.36734693878,9.306122449,10.571428571
7765,45.810810811,42.135135135,3.7567567568,7.3513513514,2.1081081081,0.91891891892,1.7567567568,3.8648648649,4.9189189189,2.8378378378,5.6486486486,7.2432432432,5.4054054054,6.7567567568,1.5945945946,3.9459459459,0.89189189189,2.1621621622,4.7837837838,3.4594594595,27
7768,32.407407407,45,0.87878787879,4.7272727273,0.48484848485,0,1.3636363636,1.4848484848,8.3939393939,10.848484848,4.2424242424,4.0303030303,3.4242424242,7.5151515152,2.9696969697,5.0606060606,6.4848484848,6.1818181818,1.4242424242,6.3636363636,18.454545455
7795,64.577777778,51.822222222,4.1777777778,33.177777778,18.777777778,1.1555555556,0.35555555556,6.5777777778,3.8,6.4888888889,2.2222222222,2.9111111111,4.6444444444,6.1111111111,1.8888888889,3.3111111111,1.8222222222,1.3777777778,0.51111111111,10.066666667,10.333333333
7799,54.717391304,67.913043478,1.7608695652,36.47826087,24.826086957,1.8043478261,2.4565217391,4.652173913,3.7391304348,2.5217391304,0.021739130435,1.0869565217,6.6956521739,1.8043478261,0.04347826087,0.04347826087,1.6086956522,1.3260869565,2.2608695652,9.9782608696,5.9782608696
7803,71.212765957,47.234042553,0.10638297872,17.936170213,4.6595744681,0.48936170213,1.1276595745,2.5106382979,11.340425532,3.3191489362,3.1489361702,12.659574468,6.9787234043,2.5531914894,2.2978723404,5,3.170212766,1.0638297872,1.7021276596,6.0212765957,41.638297872
7824,68.208333333,58.520833333,1.0416666667,38.75,23,0.625,0.66666666667,4.8333333333,2.3958333333,14,0.3125,4.8541666667,5.375,3.0208333333,1.25,5.1041666667,3.4791666667,0.14583333333,2.8958333333,9.6875,11.020833333
7894,30.588235294,37.242424242,3.3636363636,1.4848484848,1.2121212121,2.3333333333,4.7272727273,4.3939393939,1.6060606061,6.4545454545,3.5454545455,8.2424242424,4.2727272727,11.363636364,8.8181818182,5.2121212121,3.6363636364,0.72727272727,0.9696969697,2.7575757576,21.121212121
7915,37.06779661,43.440677966,1.1525423729,9.7966101695,2.8474576271,0,2.0677966102,6.6610169492,7.2203389831,6.4576271186,2.186440678,8.4406779661,3.7288135593,4.2372881356,1.2033898305,2.8983050847,1.8305084746,0.86440677966,2.3559322034,7.7118644068,31.06779661
7916,24.844444444,48.62962963,4.7407407407,13.407407407,6.037037037,1.3333333333,5.8518518519,7.1481481481,3.037037037,14.62962963,1.6666666667,0.51851851852,4.7407407407,8.1851851852,1.9259259259,0.037037037037,2.8148148148,1.1481481481,2.2222222222,3.0740740741,2.6666666667
7921,29.258064516,49.967741935,15,15.290322581,1.4516129032,0.87096774194,1.7741935484,8.6774193548,5.3225806452,3.7096774194,0,3.8064516129,5.7741935484,5.1290322581,3.7741935484,6.1935483871,4.8709677419,0.58064516129,1.6774193548,0.38709677419,8.1612903226
7937,77.857142857,29,4.3469387755,6.4489795918,0.81632653061,5.1020408163,1.9183673469,4.5306122449,2.7959183673,11.612244898,10,14.959183673,4.7346938776,8.5306122449,3.2653061224,14.265306122,7.7142857143,6.8775510204,2.0612244898,1.6326530612,35.632653061
7967,68.302083333,41.479166667,0.27083333333,9.78125,2.6979166667,0.03125,0.020833333333,3.6979166667,10.666666667,3.1770833333,3.2916666667,16.458333333,2.75,1.9270833333,2.5729166667,11.697916667,2.53125,1.25,0.33333333333,2.5104166667,44.197916667
7969,44.576923077,26.088235294,4.3529411765,1.3823529412,1.2647058824,9,12.823529412,14.941176471,0,9.5294117647,8.7647058824,4.0294117647,10.352941176,11.676470588,5.2941176471,6.2352941176,7.4705882353,0.029411764706,0,1.5588235294,10.382352941
7983,58.632653061,36.224489796,3.0408163265,21.163265306,16.673469388,1.612244898,2.1020408163,2.7551020408,4.8367346939,14.857142857,2.3673469388,2.387755102,5.6326530612,10.081632653,4.8163265306,4.7551020408,11.428571429,0.020408163265,0.22448979592,4.8775510204,13.387755102
7991,42.551724138,24.815789474,0.76315789474,5.6842105263,2.5789473684,5.1842105263,3.5526315789,2.7894736842,3.3684210526,17.394736842,4.0789473684,5.6052631579,3.1578947368,22.078947368,15.763157895,5.1578947368,13.710526316,2.2105263158,0.026315789474,0.60526315789,11.421052632
7997,42.615384615,42.58974359,0,5.8205128205,1.2820512821,0.17948717949,0.15384615385,3.1282051282,3.0769230769,8.2820512821,0.30769230769,9.8205128205,2.6666666667,2.9743589744,1.0256410256,11.820512821,2.4615384615,0,1.7435897436,6.4871794872,29.666666667
8007,18.142857143,53.380952381,4.7142857143,14.904761905,3.5238095238,1.380952381,3.9523809524,7.5714285714,3.5238095238,3,0.19047619048,4.2380952381,4.0952380952,6.2857142857,2.5714285714,6.2380952381,0.047619047619,8.9047619048,0,8.3333333333,8.2857142857
8030,55.676470588,30.382352941,1.6764705882,0.32352941176,0.014705882353,6.4117647059,21.205882353,12.588235294,2,11.147058824,5.5147058824,3.6617647059,4.1176470588,10.205882353,5.8970588235,4.3823529412,12.794117647,2.8970588235,3.1176470588,0.073529411765,3.6470588235
8042,20.714285714,46.185185185,1.2222222222,2,1.3333333333,0,1.9259259259,3.037037037,7.3333333333,5.2222222222,3.9259259259,3.5555555556,7.7037037037,5.962962963,4.7777777778,3.7037037037,2.6296296296,1.7407407407,1.3703703704,4.037037037,18.925925926
8063,33.925925926,42.3125,1.71875,13.59375,1.0625,3.75,6.46875,10.96875,0.4375,18.46875,2.59375,3.59375,6.1875,13.8125,9.59375,5.65625,5.75,1.28125,3.375,6.25,9.09375
8077,85.734693878,20.653061224,1.2448979592,0.020408163265,0.020408163265,14.918367347,29.265306122,14.816326531,1.9387755102,12.755102041,3.5510204082,4.8775510204,5.306122449,18.081632653,9.7755102041,8.9387755102,18.387755102,1.2653061224,0.14285714286,1.1428571429,12.040816327
8082,76.340425532,13.808510638,0.59574468085,0.53191489362,0.44680851064,18.404255319,2.2553191489,0.70212765957,6.6382978723,14.276595745,5.1914893617,9.1063829787,2.9787234043,17.404255319,15.063829787,18.723404255,18.808510638,1.6382978723,1.829787234,1.6382978723,19.595744681
8091,46.55,72.025,3.75,36.375,23.15,0.1,0.175,4.2,2.675,7.6,0.05,3.975,8.525,0.675,0.05,1.55,0.05,0.05,2.55,9.8,14.45
8093,65.4375,52.645833333,0.5625,26.666666667,13.875,0.9375,2.1041666667,6.125,4.25,9.3333333333,1.8541666667,3.2708333333,6.0833333333,2.1458333333,1.2291666667,4.2083333333,4.0208333333,3.1875,0.020833333333,4.3125,16.583333333
8103,61.9,60.15,2.45,15.675,4.2,0.2,1.35,8.05,6.15,7.8,5.45,3.325,3.1,8.175,2.7,9.4,6.725,4.525,12.425,9.925,14.9
8118,22.714285714,43.59375,0.6875,4.15625,1.1875,2.9375,3.09375,0.75,3.53125,7.125,2.03125,5.75,4.40625,9.09375,6.3125,5.65625,11.25,7.8125,3,8.6875,12.28125
8122,18.315789474,45.578947368,7.4736842105,11.868421053,0.52631578947,2.1315789474,3.0263157895,2.9736842105,0.078947368421,5,15.5,0.36842105263,12.894736842,5.3157894737,1.4210526316,0.026315789474,1.3421052632,6,2.2894736842,0.34210526316,7.6578947368
8125,39.138888889,39.472222222,2,3.4444444444,0.80555555556,1.6944444444,4.5277777778,7,6.6388888889,16.083333333,4.3333333333,6.4166666667,0.91666666667,8.0833333333,4.9722222222,5.4444444444,4.8611111111,3.3888888889,5.3611111111,2.4722222222,15.388888889
8129,67.85106383,50.308510638,0.48936170213,17.010638298,6.4255319149,0.3829787234,1.4574468085,2.829787234,7.329787234,6.2340425532,3.1276595745,9.4468085106,4.3404255319,3.4255319149,1.5957446809,9.170212766,2.6914893617,2,7.8617021277,13.287234043,24.031914894
8174,65.021276596,39.85106383,0.042553191489,10.553191489,1.8085106383,0.042553191489,1.8936170213,1.6382978723,6.8085106383,5.4468085106,0.74468085106,12.659574468,2.1276595745,6.2127659574,1.7446808511,12.872340426,2.3829787234,2.3404255319,2.3404255319,4.7446808511,36.14893617
8184,40.5,41.595744681,0.021276595745,7.4893617021,5.6808510638,0.021276595745,0.042553191489,1.1914893617,10.872340426,3.5957446809,2.7872340426,13.978723404,3.9361702128,3.6595744681,4.7872340426,10.319148936,2.2978723404,1.1276595745,4.3617021277,5.4680851064,43.425531915
8186,68.022727273,37.090909091,0,6.1818181818,4.4318181818,0.20454545455,1.4318181818,3.0909090909,8.2272727273,7.8863636364,5.7954545455,8.1590909091,5.5909090909,4.6136363636,6.7727272727,8.3863636364,5.0681818182,5.7272727273,2.4090909091,5.1136363636,27.977272727
8193,24.277777778,37.238095238,0.02380952381,7.619047619,3.4285714286,0.85714285714,1.6428571429,4.9523809524,7.1428571429,4.7142857143,3.9285714286,9.8333333333,5.3333333333,7.4523809524,4.119047619,10.952380952,2.1904761905,5.119047619,6.5238095238,7.119047619,25.69047619
8363,30.033333333,57.454545455,0.030303030303,9.1818181818,0.060606060606,1.1212121212,3.0303030303,6.6060606061,1.8181818182,9.5454545455,1.9393939394,3.1515151515,1.2424242424,7.0303030303,2.3333333333,5.5757575758,0.84848484848,2.0909090909,10.181818182,13.393939394,9.6060606061
8375,81.306122449,29.469387755,1.1428571429,8.3265306122,1.8571428571,0.020408163265,0.57142857143,5.9591836735,5.4081632653,7.7551020408,6.7959183673,12.714285714,7.1428571429,8.4693877551,6.0612244898,7.8571428571,2.6326530612,1.3265306122,2.1020408163,2.2040816327,36.326530612
8456,24.7,37,1.1914893617,2.3191489362,0.021276595745,0.021276595745,4.2340425532,11.510638298,3.5106382979,2.5744680851,13.957446809,6.0638297872,4.9574468085,5.6808510638,1.6382978723,7.5319148936,0.44680851064,7.2765957447,2.3191489362,2.5319148936,22.404255319
8635,75.333333333,65.416666667,1.5208333333,37.020833333,19.875,0.020833333333,0.020833333333,3.1666666667,7.0625,5.4583333333,2.6875,1.9166666667,4.7083333333,2.3125,0.625,1.3125,0.625,0.54166666667,3.2083333333,18.1875,13.041666667
8658,71.778947368,37.673684211,0.65263157895,7.3578947368,1.2210526316,1.6631578947,1.8947368421,5.8736842105,4.9789473684,8.0210526316,6.8210526316,8.9578947368,6.5684210526,10.536842105,3.0842105263,8.4105263158,7.3473684211,3.2315789474,2.3578947368,4.8631578947,24.042105263
8697,48.142857143,30.155555556,3.6888888889,4.2666666667,1.3333333333,0.022222222222,5.2444444444,9.9777777778,4.5333333333,12.377777778,5.9555555556,6.3777777778,3.0888888889,14.377777778,1.8444444444,7.0666666667,4.4888888889,2.7333333333,1.2444444444,1.0888888889,28.422222222
8712,59.768115942,24.456521739,5.5434782609,2.2826086957,0.41304347826,3.3043478261,5.2173913043,7.847826087,1.2826086957,14.652173913,13.02173913,4.2608695652,6.652173913,15.47826087,5.5434782609,9.847826087,11.913043478,5.6956521739,0.89130434783,0.65217391304,8.9782608696
8723,67.576470588,33.435294118,1.5529411765,6.8,3.5764705882,0.023529411765,0.48235294118,3.5058823529,7.6705882353,8.1058823529,3.5176470588,12.952941176,5.2470588235,5.0117647059,5.7647058824,13.788235294,4.6117647059,2.0352941176,1.8705882353,2.4117647059,36.211764706
8785,66.955555556,62.288888889,3.3777777778,26.177777778,17.2,0.022222222222,0.022222222222,4.8666666667,9.5555555556,2.5777777778,1.3111111111,7.7333333333,1.7333333333,3.0666666667,1.3555555556,2.7555555556,2.2444444444,0.022222222222,0.93333333333,7.0888888889,31.444444444
8797,71.918367347,49,3.4081632653,22.693877551,6.0408163265,3.1020408163,1.306122449,13.897959184,8.4081632653,4.2653061224,6.7755102041,6,3.8775510204,10.816326531,3.0816326531,6.7755102041,6.1632653061,2.8571428571,3.1836734694,6.612244898,8.9795918367
8857,40.970588235,43.705882353,5,5.4117647059,0.41176470588,2.2058823529,6.5588235294,2.9705882353,2.1764705882,5.4117647059,6.9411764706,6.0294117647,1.4117647059,10.852941176,4.5,2.7352941176,4.5588235294,2.2941176471,8.4411764706,5.5294117647,7.2941176471
8892,84.795918367,14.857142857,0.12244897959,2.0408163265,0.020408163265,2.6326530612,3.4081632653,3.4285714286,5.3265306122,23.979591837,5.4693877551,11.530612245,5.7959183673,23.693877551,19.346938776,16.714285714,19.081632653,2.5306122449,0.4693877551,0.97959183673,20.102040816
8908,57.545454545,65.636363636,3.75,40.704545455,28.659090909,0.15909090909,0.27272727273,6.3181818182,6.6590909091,4.2045454545,0.81818181818,3.0909090909,7.3863636364,4.1363636364,0.090909090909,1.1590909091,4.75,0.68181818182,4.1136363636,10.954545455,14.318181818
8914,67.891304348,35.369565217,0.021739130435,9.8695652174,5,0.021739130435,1.6304347826,3.7826086957,7.847826087,6.0217391304,6.6956521739,9.1956521739,3.9130434783,3.8913043478,4.6086956522,7.1956521739,4.9347826087,3.1956521739,3.847826087,7.9130434783,28.195652174
8918,34.606060606,36.591836735,0.51020408163,10.755102041,6.3469387755,0.020408163265,0.77551020408,4.1632653061,8.8775510204,12.87755102,4.1632653061,11.224489796,0.69387755102,7.9591836735,1.9183673469,11.102040816,7.6530612245,2.9183673469,4,5.2244897959,28.183673469
9016,22.195121951,56.083333333,2.5416666667,12.666666667,0.45833333333,3.5833333333,3.8333333333,1.2083333333,5.7916666667,8.9166666667,3.75,4.0833333333,3.375,8.9583333333,3.9166666667,1.25,3.2083333333,2.7083333333,8.4583333333,7.0833333333,9.4583333333
9025,68.734693878,50,0.12244897959,22.326530612,7.7142857143,2.4897959184,3.9795918367,11.306122449,8.6530612245,6.6734693878,3.2448979592,10.591836735,6.7959183673,7.5102040816,0.83673469388,5.7142857143,2.2653061224,4.4081632653,1.9183673469,6.6734693878,22.020408163
9256,25.413793103,45.103448276,3.4827586207,6.3448275862,0.72413793103,2.8620689655,5.8275862069,12.517241379,5.7931034483,5.8620689655,6.8275862069,3.275862069,0.48275862069,10.482758621,4.8620689655,3.0689655172,1.275862069,3.6551724138,5.3103448276,5.7931034483,10.655172414
9261,20.8,43.24,1.36,7.24,0,0,8.28,8.2,1.36,5.96,4.56,2.6,2.4,6.6,1.68,0.72,0.16,2.36,4.52,5.4,10.4
9589,76.020408163,32.632653061,5.5714285714,5.3265306122,0.61224489796,0.040816326531,2.6734693878,4.0408163265,0.040816326531,4.8571428571,18.367346939,2.5714285714,9.0204081633,11.224489796,3.7551020408,6.9795918367,10.265306122,10.326530612,2.2448979592,3.8367346939,8.3265306122
9609,49.174603175,25.186046512,0.88372093023,6.1162790698,0.16279069767,4.3488372093,9.8837209302,9.2790697674,0.6976744186,14.069767442,5.0697674419,4.8372093023,4.8139534884,8.4186046512,3.3720930233,4.488372093,10.372093023,0.79069767442,3.511627907,2.2093023256,6.1395348837
9862,71.354166667,48.1875,2.6666666667,23.479166667,15.020833333,0.020833333333,1.1458333333,6.2083333333,6.2916666667,9.2916666667,1.3541666667,10.8125,4.7083333333,2.1458333333,2.625,5.9583333333,5.375,2.3333333333,3.125,5.1458333333,23.958333333
10285,33.583333333,40.366666667,0,3.8,0,0.66666666667,0,1,3.1666666667,5.2666666667,8.8,6.1666666667,4.8666666667,16.333333333,1.5666666667,1.5333333333,4.9666666667,8.1333333333,2.5333333333,2,13.533333333
10364,74.836734694,50.102040816,5.9591836735,2.8775510204,0.020408163265,0.18367346939,2.0204081633,33.897959184,3.9387755102,2.1836734694,9.9387755102,6.5306122449,6.8571428571,4.306122449,1.1428571429,4.5714285714,2.306122449,11.612244898,2.7551020408,3.0204081633,19.87755102
10400,68.666666667,38.577777778,2.3555555556,10.533333333,6.7555555556,0.53333333333,1.2888888889,3.5111111111,12.4,3.6666666667,4.8444444444,13.088888889,3.0888888889,2.4666666667,0.11111111111,11.288888889,2.4,0.86666666667,0.48888888889,3.2444444444,42.533333333
10430,72.136363636,13.604166667,0.020833333333,0.79166666667,0.1875,1.5208333333,2.8958333333,1.25,3.8333333333,32.8125,3.125,5.6458333333,8.625,33.145833333,31.145833333,8.8333333333,19.625,0.14583333333,1.5625,0.020833333333,7.125
10448,74.608695652,23.93877551,2.7755102041,0.30612244898,1.6530612245,9.5918367347,30.734693878,14.510204082,2.5510204082,18.489795918,7.7755102041,8.1632653061,11.12244898,13.551020408,7.8367346939,11.755102041,17.571428571,0.61224489796,0.63265306122,0.22448979592,10.387755102
10748,43.488888889,59.875,8.4583333333,26.0625,6.7083333333,0.1875,0.77083333333,5.2083333333,3.1666666667,4.5416666667,3.0208333333,3.7916666667,8.375,2.8125,0.29166666667,0.70833333333,1.6666666667,1.0833333333,0.020833333333,16.354166667,12.145833333
10797,27.259259259,51.125,6.5,11.958333333,0.70833333333,3.7916666667,3.5416666667,4.8333333333,6.5833333333,3.0833333333,0.125,0,4.4166666667,6.125,8.4583333333,2.4166666667,1.625,1.4583333333,5.5416666667,1.9583333333,9.4166666667
10882,76.208333333,72.125,7.0416666667,58.604166667,37.375,0.020833333333,0.020833333333,2.1666666667,4.0208333333,7.0416666667,0.5,2.2708333333,7.0416666667,1.2708333333,0.020833333333,0.041666666667,1.2916666667,0.41666666667,1.0208333333,16.708333333,5.9166666667
10890,59.933333333,56.088888889,5.1777777778,41.422222222,24.488888889,0.022222222222,2.1111111111,7.9555555556,3.8444444444,9.5111111111,0.62222222222,2.2222222222,2.6444444444,2.0444444444,3.4222222222,4.5333333333,3.5777777778,0.022222222222,1.5111111111,4.8444444444,11.8
10895,57.23255814,57.186046512,6.4418604651,30.88372093,12.76744186,3.511627907,3.6744186047,5.9534883721,2.4186046512,4.6511627907,2.2325581395,6.9302325581,5.6046511628,5.1395348837,0.23255813953,2.2558139535,1.2325581395,0.51162790698,1,5.2325581395,17.790697674
10925,73.693181818,14.12244898,2.6734693878,0.28571428571,0.10204081633,6.4897959184,10,7.6530612245,0.51020408163,14.387755102,29.489795918,8.7551020408,6.0204081633,19.306122449,5.1632653061,7.8163265306,13.612244898,3.693877551,1.7551020408,0,19.306122449
11086,72.714285714,57.346938776,2.612244898,29.306122449,12.612244898,0,1.6530612245,6.0408163265,4.3265306122,2.4285714286,4.5510204082,5.7142857143,9.0204081633,7.7346938776,2.387755102,2.8571428571,2.6530612245,3.3469387755,1.3265306122,17.530612245,23.367346939
11428,75.276595745,35.425531915,0.89361702128,3.3404255319,2.7234042553,5.914893617,1.2127659574,1.8936170213,5.5531914894,6.4468085106,2.5319148936,16.404255319,3.8510638298,4.0638297872,4.6382978723,16.510638298,3.8936170213,1.170212766,1.2127659574,3.7659574468,37.765957447
11525,61.068181818,36.045454545,0,3.0909090909,2.0681818182,0.27272727273,0.43181818182,3.7045454545,5.7045454545,7.5227272727,6.3181818182,9.3181818182,5.1136363636,7.5909090909,3.6136363636,12.818181818,4.0227272727,3.9545454545,2.9090909091,8.4318181818,20.886363636
11527,72.591836735,38.979591837,0.73469387755,10.469387755,6.8571428571,0.020408163265,2.2857142857,9.2040816327,6.9795918367,10.979591837,2.4081632653,9.306122449,4.306122449,7.0612244898,0.81632653061,9.0204081633,6.5510204082,2.9183673469,5.6530612245,3.1020408163,30.040816327
11529,61.543478261,53.826086957,6.347826087,32.695652174,15.195652174,0.32608695652,2.4782608696,4.3913043478,4.8260869565,7.7391304348,2.6086956522,6.1304347826,3.5,3.7391304348,0.9347826087,2.7173913043,1.0217391304,0.19565217391,2.7826086957,8.4782608696,20.065217391
11569,49.717391304,54.217391304,7.5652173913,24.391304348,6.5869565217,1.9782608696,1.9130434783,10.065217391,5.2826086957,5.5652173913,5.3260869565,5.5,4.8913043478,6.0652173913,2.5,2.847826087,2.5652173913,2.7608695652,3.847826087,10.152173913,17.804347826
11583,72.416666667,40.1875,2.3333333333,12.291666667,5.2708333333,0.020833333333,1.4166666667,3.3958333333,2.7083333333,6.0625,3.3541666667,15.5625,7.9791666667,1.3333333333,3.0833333333,8.0416666667,2.9583333333,3.2291666667,0.41666666667,3.3541666667,37.6875
11614,51,45.857142857,4.6428571429,16.285714286,7.119047619,1.7857142857,3.3571428571,3.5952380952,1.8571428571,7.4523809524,1.9761904762,6.5714285714,8.3571428571,3.0714285714,1.9285714286,4.2619047619,5.5,0.095238095238,0.47619047619,2.9285714286,28.285714286
11617,37.764705882,36.612903226,3.9677419355,1.8387096774,0,2.6774193548,18.774193548,13.516129032,3.0322580645,11.258064516,5.5483870968,6.935483871,5.2258064516,6.6774193548,3.6774193548,7.1935483871,1.5161290323,0.16129032258,3.8709677419,0,9.935483871
11902,61.936170213,36.829787234,2.0638297872,5.8510638298,1.6382978723,2.3617021277,2.5106382979,5.7659574468,1.0638297872,14.531914894,7.3404255319,9.085106383,5.8723404255,14.744680851,4.0638297872,5.2553191489,11.106382979,4.5106382979,2.6382978723,3.4893617021,13.744680851
11980,41.219512195,33.979166667,2.5625,11.666666667,5.9375,0.25,1.3958333333,6.0416666667,2.9791666667,10.145833333,3.875,24.479166667,10.083333333,7.375,2.8958333333,14.208333333,1.5833333333,0.60416666667,3.7708333333,3.2083333333,44.0625
12097,58.605263158,60.421052632,11.894736842,23.684210526,19.131578947,0,0,7.2894736842,5.3157894737,2.1315789474,2.1052631579,1.2368421053,7.3947368421,6.2105263158,0.26315789474,4.3684210526,2.3684210526,0.86842105263,1.1315789474,9.5789473684,12.631578947
12178,69.32967033,34.769230769,1.1098901099,7.2747252747,2.6043956044,1.2857142857,2.3076923077,3.9010989011,3.9230769231,6.5274725275,5.2747252747,17,1.1318681319,5.6263736264,1.4285714286,8.8241758242,1.7032967033,0.54945054945,0.64835164835,2.010989011,49.043956044
12180,81.630434783,30.391304348,0.97826086957,19,10.891304348,2.7173913043,1.7608695652,2.3913043478,1,24.804347826,3.2173913043,5.0434782609,6.1304347826,16.130434783,6.9565217391,2.9782608696,14.282608696,0.97826086957,0.32608695652,8.2826086957,11.869565217
12297,72.041666667,41.083333333,0.083333333333,8.375,0.3125,0.14583333333,0.14583333333,3.4166666667,7.8541666667,3.875,1.7291666667,6.8541666667,5.1666666667,2.6666666667,1.4375,10.5625,3.4791666667,1.5,4.2916666667,2.1875,42.1875
12327,39.5,54.659574468,3.170212766,29.872340426,17.638297872,0.021276595745,0.63829787234,4.2340425532,4.1489361702,7.8936170213,1.7872340426,3.8723404255,6.4042553191,6.6382978723,1.5319148936,2.5319148936,3.3829787234,1.4468085106,1.8723404255,10.085106383,15.893617021
12506,54.244444444,40.533333333,1.7333333333,7.1111111111,2.6222222222,1.2222222222,3.5777777778,3.7111111111,6.6666666667,10.022222222,5.0444444444,10.088888889,2.4,9.8888888889,2.5777777778,7.4,2.7333333333,3.4,1.8444444444,3.9111111111,22.377777778
12580,69.063829787,37.361702128,0.82978723404,7.6382978723,4.1914893617,0.57446808511,0.6170212766,14.29787234,4.2340425532,7,4.7234042553,10.319148936,5.7659574468,6.9361702128,4.7659574468,5.6170212766,3.7234042553,4.3617021277,0.82978723404,3.4893617021,25.553191489
12587,46.850746269,21.571428571,0.64285714286,1.5476190476,2.4285714286,4.619047619,4.8095238095,2.5952380952,0.02380952381,22.095238095,2.3333333333,6.8095238095,2.1666666667,28.333333333,25.095238095,9.7142857143,12.785714286,0.7619047619,0.7619047619,1.5238095238,8.4285714286
12741,43.837209302,50.395348837,3.7441860465,19.069767442,6.7441860465,0.86046511628,3.2325581395,3.7906976744,5.0465116279,1.2093023256,6.0930232558,6.511627907,3.1860465116,3.976744186,3.4418604651,5.8837209302,3,3.0465116279,1.2790697674,11.534883721,10.581395349
12810,65.166666667,70.166666667,7.9583333333,40.604166667,22,0.41666666667,0.72916666667,6.1875,0.875,2.5625,2.9791666667,1.9375,5.7291666667,2.8125,0.20833333333,0.020833333333,1.1666666667,4.2708333333,1.0833333333,9.125,5.875
12813,52.604166667,64.979166667,2.75,25.75,15.25,0.020833333333,0.3125,3.75,6.6666666667,4.625,3.75,4.5208333333,6.2708333333,4.7083333333,0.41666666667,1.5416666667,2.2291666667,2.1458333333,2.7291666667,15,9.0208333333
13561,42.41025641,51.153846154,3.3846153846,16.743589744,15.128205128,0.64102564103,3.8461538462,2.6153846154,5.1282051282,9.5897435897,2.9743589744,5.8461538462,6.358974359,6.1794871795,2.2820512821,7.5897435897,2.6153846154,0.89743589744,0.48717948718,7.5641025641,11.692307692
14104,45.674418605,42.790697674,1.0465116279,2.4186046512,0,0,2.7209302326,15.860465116,3.1860465116,3.6744186047,4.4186046512,11.534883721,5.9302325581,1.6279069767,1.3953488372,2.2325581395,0.81395348837,6.1627906977,1.1395348837,2.7209302326,23.069767442
14228,24.769230769,52.846153846,0,15.692307692,9.6153846154,0,3.5384615385,7.2307692308,7.7692307692,6.5384615385,0.23076923077,4.9230769231,3.8461538462,4.6923076923,4.1538461538,0,0,2.9230769231,9.6923076923,13.923076923,1.9230769231
14257,23.047619048,33,0.74418604651,1.1395348837,2.3488372093,0,1.8604651163,1.511627907,3.7906976744,8.8604651163,9.488372093,5.4186046512,2.2093023256,9.5348837209,2.9302325581,3.5581395349,8.8837209302,7.1395348837,3.1395348837,2.0930232558,26.11627907
14286,80.612244898,49.775510204,18.795918367,6.2448979592,0.020408163265,0.24489795918,2.387755102,11.530612245,3.4897959184,2.6734693878,8.5714285714,1.0612244898,10.775510204,5.387755102,2.4285714286,2.3469387755,2.7755102041,5.9183673469,0.73469387755,0.32653061224,4.3265306122
14296,26.12,29.102040816,1.9795918367,9.2040816327,3.5714285714,0.75510204082,1.8979591837,3.5918367347,3.5306122449,14.12244898,6.5102040816,10.040816327,5.2040816327,15.285714286,2.8163265306,11.102040816,6.4693877551,4.3673469388,3.7755102041,2.0204081633,25.755102041
14491,62.85915493,24.520833333,6.1458333333,0.33333333333,0.020833333333,2.875,7.125,4.9166666667,2.9375,9.2083333333,28.604166667,7.7708333333,5.8333333333,9.3333333333,4.5625,1.4375,11.770833333,2.3541666667,2.0833333333,3.0416666667,9.1458333333
14514,71.708333333,34.958333333,2.9791666667,8.8125,1.3125,2.2916666667,2.8541666667,1.4166666667,2.6458333333,13.604166667,9.6041666667,11.1875,6.6666666667,10.916666667,3.1458333333,7.625,4.8125,2.2708333333,4.6458333333,5.3333333333,30.041666667
14525,64.565217391,44.782608696,0.021739130435,12.282608696,1.847826087,0.021739130435,0.60869565217,7.9782608696,14.217391304,3.7826086957,4.7173913043,5.2173913043,10.413043478,7.5869565217,1.0217391304,8.1086956522,2.2173913043,7.7826086957,7.9565217391,8.0434782609,36.630434783
15037,77.29787234,28.744680851,4.2553191489,6.8085106383,5.6595744681,3.6808510638,3.7234042553,5.1063829787,8.5106382979,8.5957446809,5.1063829787,9.829787234,6.7659574468,12.659574468,5.0425531915,10.978723404,3.5106382979,0.8085106383,12.234042553,5.0638297872,19.659574468
15380,60.62195122,24.163265306,0.22448979592,0.79591836735,0.65306122449,7.5102040816,26.367346939,8.6530612245,2.9795918367,20.367346939,5.306122449,12.469387755,5.0816326531,14.918367347,10.816326531,11.387755102,16.102040816,4.306122449,1.2244897959,0.83673469388,16.795918367
15510,85.824742268,16.8125,1.375,0.85416666667,0.020833333333,8.4166666667,36.020833333,18.770833333,0.020833333333,17.75,9.125,6.6458333333,9.7916666667,13.291666667,6.2291666667,9.3958333333,14.416666667,2.4791666667,0.60416666667,0.020833333333,11.0625
15717,30.571428571,32.56,2.36,3.08,3.24,0.28,5.32,6.96,0,10.16,4.04,2.6,13.96,8.36,6,15.72,2,4.08,5.8,7.08,10.44
16255,24.793103448,50.276595745,0.021276595745,19.382978723,8.1063829787,1.7234042553,3.1063829787,3.5531914894,4.8936170213,4.7872340426,3.5319148936,4.1276595745,7.2340425532,5.5531914894,2.829787234,3.7659574468,2.6595744681,3.0638297872,1.3829787234,14.212765957,15.468085106
16324,80.591836735,24.224489796,0.40816326531,11.612244898,8.1020408163,1.5918367347,3.4693877551,1.1020408163,6.693877551,26.142857143,5.2040816327,4.7551020408,4.5306122449,23.612244898,18.775510204,9.9591836735,15.142857143,0.81632653061,2,3.4285714286,11.224489796
16741,74.734693878,23.224489796,1.9387755102,1.0204081633,0.020408163265,5.0612244898,5.9387755102,9.1836734694,1.5102040816,8.2653061224,22.979591837,6.693877551,7.1224489796,12.326530612,8.8775510204,9,10.367346939,4.612244898,4.9387755102,2.1428571429,8.7959183673
17121,55.568181818,35.863636364,1,6.2045454545,4.7954545455,0.38636363636,2.5681818182,3.1136363636,5.1136363636,6.7954545455,3.5227272727,7.0454545455,2.1590909091,7.3636363636,1.9318181818,4.0227272727,6.5227272727,4.3181818182,4.7954545455,3.9772727273,9.5681818182
17525,46.348837209,35.348837209,2.8604651163,7.7906976744,3.8604651163,3.4418604651,3.0465116279,6.2790697674,3.7906976744,18.465116279,4.3953488372,4.488372093,5.3720930233,10.697674419,11.186046512,5.4651162791,12.976744186,1,0.74418604651,1.4186046512,13.976744186
17617,59.446808511,59.446808511,11.191489362,28.276595745,12.978723404,0.31914893617,0.63829787234,12.595744681,2.6382978723,2.914893617,2.3829787234,4.829787234,9.8936170213,5.8510638298,0.14893617021,2.1063829787,0.72340425532,2.4893617021,2.7659574468,8.6170212766,5.3617021277
18554,52.538461538,33.487179487,0.25641025641,5.7948717949,0,0,1.7692307692,5.5897435897,3.5641025641,7.3333333333,9.2051282051,12.153846154,4.9487179487,3.2820512821,1.9230769231,5.8461538462,3.6923076923,1.4615384615,0.17948717949,0.92307692308,36.102564103
18635,75.988888889,24.340425532,5.1063829787,2.0212765957,0.78723404255,13.191489362,6.1914893617,6.8936170213,0.29787234043,21.127659574,4.8723404255,4.5531914894,12.744680851,15.808510638,8.1276595745,8.7234042553,19,1.2765957447,2.3191489362,1.085106383,10.191489362
18827,65.244897959,40.795918367,5.0408163265,7.2448979592,1.7959183673,0.77551020408,0.57142857143,7.5714285714,11.081632653,9.693877551,7.0408163265,9.3469387755,3.9183673469,11.591836735,1.5714285714,5.2040816327,5.9795918367,4.7346938776,5.6326530612,4.6734693878,15.836734694
19310,71.118918919,19.447916667,0.40625,0.33333333333,0,10.083333333,27.166666667,9.9166666667,1.7083333333,17.052083333,9.4895833333,6.90625,6.4166666667,12.84375,7.84375,5.3958333333,16.666666667,1.1041666667,0.79166666667,0.89583333333,11.541666667
21057,84.9375,23.958333333,0.020833333333,5.2916666667,3.4791666667,0.875,6.6875,6.4166666667,3.8125,17.979166667,11.6875,9.4583333333,6.0833333333,9.7708333333,5.5416666667,5.875,4.3125,2.2291666667,4.9583333333,1.6875,35.604166667
21648,47.11627907,49.357142857,5.2380952381,14.380952381,6.2380952381,3,4.2380952381,10.69047619,3.6428571429,7.9523809524,8.3333333333,0.7380952381,5.6904761905,7.7142857143,4.8333333333,2.9761904762,3.9047619048,0.78571428571,1.6428571429,7.880952381,10.047619048
22310,45.125,47.85,0,10.85,4.3,0.125,2.225,1.95,11.85,6.05,4.225,11.575,5.2,5.75,1.475,7.45,3.925,4.35,9.65,8.275,21.7
22873,36.5,44.404255319,1.7234042553,16.468085106,7.7234042553,0.63829787234,0.91489361702,6.2553191489,2.6382978723,6.8723404255,4.8085106383,3.8510638298,3.9574468085,9.6595744681,3.7659574468,4.1063829787,5.1914893617,1.8723404255,4.8723404255,8.7021276596,15.617021277
23235,38.931506849,34.164948454,1.0309278351,10.092783505,4.9587628866,0.54639175258,0.94845360825,4.0206185567,7.9484536082,7.2164948454,9.4329896907,12.278350515,4.6391752577,9.0309278351,1.8865979381,7.4432989691,3.8144329897,5.2371134021,3.5360824742,2.412371134,29.989690722
23642,69.394366197,15.326530612,3.4693877551,1.1020408163,0.14285714286,11.530612245,7.2653061224,8.3673469388,1.612244898,14.755102041,23.571428571,9.1632653061,7.0816326531,20.918367347,5.5102040816,16.632653061,14.142857143,3.2653061224,3.1020408163,0.22448979592,19.816326531
24116,53.891304348,53.065217391,1.7173913043,17.130434783,13.782608696,1.1086956522,2.1956521739,5.1739130435,6.9130434783,4.3260869565,1.652173913,5.5217391304,8.7391304348,8.2391304348,1.347826087,3.6086956522,0.82608695652,1,1.152173913,13.608695652,18.456521739
24197,26.607142857,39,2.7142857143,2.8928571429,4.3214285714,4.5357142857,5.3928571429,6.5357142857,5.4642857143,13.035714286,3.4285714286,7.6428571429,9.3928571429,12.428571429,11.607142857,5.8928571429,2.3571428571,2.6071428571,4.8571428571,3.2142857143,10.25
24513,25.266666667,49.5,1.5869565217,22.282608696,20.891304348,0.021739130435,1.347826087,3.8695652174,9.2608695652,11.565217391,5.9782608696,8.7173913043,3.7173913043,3.3043478261,0.021739130435,2.9130434783,3.4347826087,3,6.5217391304,12.695652174,22.760869565
24834,66.021276596,66.191489362,8.8510638298,40.085106383,18.85106383,0.021276595745,1.2765957447,5.7021276596,4.7021276596,4.5106382979,0.34042553191,2.8085106383,13.914893617,1.4468085106,0.59574468085,2.6382978723,0.72340425532,0.085106382979,1.6595744681,19.085106383,6.6595744681
26331,80.12244898,39.102040816,10.836734694,9.4489795918,0.97959183673,0.38775510204,1.7346938776,6.0408163265,2.3673469388,12.12244898,16.693877551,3.6734693878,9.9591836735,12.489795918,7.2857142857,1.5918367347,5.6326530612,5.2448979592,0.91836734694,1.3469387755,10.040816327
27457,81.020833333,33.104166667,13.0625,10.041666667,0.020833333333,6.0833333333,3.3333333333,5.1041666667,3.5625,10.145833333,17.541666667,2.9791666667,7.3958333333,13.4375,6.5416666667,5.7916666667,10.229166667,11.895833333,1.4375,0.020833333333,10.416666667
27458,54.534246575,33.468085106,1.5106382979,4.829787234,0.48936170213,0.021276595745,1,5.5744680851,6.8936170213,8.3617021277,5.1063829787,6.3829787234,2.4042553191,9.2553191489,4.2127659574,4.1914893617,13.595744681,14.723404255,13.212765957,3.4042553191,12.276595745
31209,55.162790698,44.106382979,0.021276595745,8.7234042553,8.6170212766,0.76595744681,1.6382978723,3.5744680851,8.2553191489,5.2340425532,5.8936170213,5.7234042553,4.5106382979,10.893617021,6.4893617021,5,1.6808510638,5.8085106383,2.7446808511,5.7872340426,13.468085106
31225,52.2,54.575,1.15,19.1,3.075,0,0.55,5.175,0.775,5.175,1.25,4.375,3.525,4.325,6.125,0.925,0.625,3.7,1.575,22.7,17.825
31234,63.512195122,47.292682927,6.2926829268,25.902439024,3.6097560976,0,0.90243902439,7.3414634146,3.0731707317,7.2195121951,0.56097560976,3.6097560976,4.2682926829,8.1707317073,5.1707317073,5.1951219512,2.8780487805,2.2195121951,0.9512195122,10.195121951,3.0975609756
31244,72.14893617,60.191489362,4.2765957447,29.446808511,8.6595744681,0,0,3.4255319149,6.2553191489,2.8085106383,2.085106383,3.2978723404,4.4468085106,4.8936170213,3.4680851064,4.2553191489,0.1914893617,2.5531914894,7.4893617021,9.2765957447,17.29787234
31246,70.081632653,50.06122449,1.306122449,24.081632653,8.8163265306,1.0204081633,0.97959183673,4.7551020408,8.6530612245,5.1020408163,1.0204081633,12.551020408,4.2244897959,4.2857142857,1.3673469388,4.7551020408,1.7551020408,0.12244897959,3.1836734694,2,36.591836735
31249,45.052631579,61.063829787,0.48936170213,34.70212766,20.021276596,0.021276595745,0.8085106383,8.3829787234,9.6808510638,9.0212765957,1.7872340426,4.1914893617,4.1276595745,2.6170212766,0.12765957447,3.3617021277,2.6595744681,3.1914893617,1.6808510638,10.063829787,18.319148936
31252,46.396551724,38.710526316,1.2368421053,5.1842105263,1.1578947368,0.26315789474,1.7368421053,1.5,4.5263157895,5.3421052632,0.68421052632,9.6315789474,3.3421052632,7,4.5,6.7368421053,5.3421052632,1.8421052632,0.94736842105,2.8421052632,26.947368421
31260,62.977777778,51.577777778,10.911111111,31.244444444,12.488888889,1.1777777778,0.022222222222,3.8222222222,1.7555555556,11.2,1.0222222222,1.9555555556,8.6444444444,8.7555555556,4.8666666667,1.5333333333,5.5333333333,1.9333333333,1.5111111111,5.0444444444,10.266666667
31265,76.4375,79.1875,14.9375,58,39.9375,0.33333333333,0.125,8.5208333333,6.4791666667,4.0625,1.0625,3.3125,6.25,0.77083333333,0.47916666667,0.14583333333,0.125,0.45833333333,1.5625,8.8541666667,9.7291666667
31268,25.647058824,44.545454545,0,3.7727272727,0.31818181818,4.1363636364,6.6818181818,4.5909090909,5.3636363636,8.3636363636,4.7272727273,3.6818181818,5.5454545455,9.7272727273,9.2272727273,9.0454545455,2.5909090909,4.5454545455,3.4545454545,0.18181818182,11.363636364
31272,76.479166667,54.416666667,0.41666666667,22.791666667,7.8125,0.020833333333,0.29166666667,1.6458333333,7.7291666667,2.6458333333,1.0416666667,13.375,2.2708333333,2.1041666667,0.64583333333,7.7916666667,0.41666666667,0.29166666667,0.72916666667,8.7708333333,37.0625
31404,18.352941176,51.675675676,2.3513513514,6.7567567568,0.67567567568,0.7027027027,2.972972973,9.4324324324,3.4054054054,4.7567567568,2.3783783784,4.3783783784,11.081081081,7.3783783784,0.91891891892,5.0540540541,0.13513513514,8.4324324324,3.1891891892,3.7297297297,21.405405405
32594,81.06122449,31.571428571,2.8367346939,5.0204081633,0.20408163265,1.4081632653,4.6530612245,13.12244898,2.1224489796,3.5714285714,15.020408163,9.7959183673,8.3469387755,3.4897959184,2.306122449,2.9591836735,3.3265306122,9.2040816327,14.755102041,3.0408163265,11.285714286
36822,58.215189873,56.166666667,11.375,10.083333333,1.4166666667,0.54166666667,3.4791666667,6.6458333333,2.1458333333,4.0416666667,11.895833333,4.25,11.541666667,11.375,5.6041666667,4,2.875,4.375,0.89583333333,0.8125,8.2291666667
60999,55.195121951,30.12195122,2,12.365853659,0.34146341463,1.8536585366,2.8292682927,2.6341463415,1.512195122,13.365853659,3.5365853659,6.4634146341,10.414634146,17.756097561,11.243902439,12.658536585,5.8536585366,4.9756097561,1.3658536585,10.853658537,8.8048780488
61005,31.05,43.5,0,9.5227272727,2.3863636364,0,0.27272727273,6.3636363636,5.1136363636,4.5681818182,2.3181818182,9.3636363636,5.2045454545,8.8181818182,0.38636363636,6.3181818182,4.2272727273,3.7272727273,1.1590909091,10.863636364,29.704545455
61027,29.681818182,35.361702128,2.1276595745,6.9787234043,6.6595744681,3.2978723404,2.1063829787,3.9787234043,5.2340425532,5.2340425532,11.404255319,4.6595744681,11.255319149,10.319148936,2.7021276596,2.9574468085,7.085106383,7.4680851064,0.1914893617,0.51063829787,10.553191489
61048,36.75,48.916666667,2.2916666667,21.958333333,11.666666667,0.1875,0.58333333333,9.7916666667,3.125,9.5,6.8541666667,7.3541666667,5.0416666667,3.2291666667,1.5,1.9583333333,5.2708333333,1.5625,4.7916666667,9,22.375
61052,63.595238095,34.595238095,3.6666666667,7.8095238095,5.7857142857,0.047619047619,0.095238095238,6.5238095238,3.0952380952,16.023809524,6.2619047619,7.1666666667,6.3333333333,12.166666667,9.119047619,14.738095238,8.0476190476,1.6904761905,0.2619047619,4.2857142857,17.428571429
61130,51.75,39.238095238,1.0952380952,7.2142857143,0.02380952381,0.095238095238,1.2142857143,10.428571429,4.2619047619,7.3333333333,5.2619047619,9.0952380952,7.0714285714,14.023809524,4.7142857143,5.2380952381,3.8095238095,5.7619047619,3.5714285714,3.0952380952,25.214285714
61138,82.959183673,14.142857143,0.020408163265,1.4489795918,0.020408163265,2.693877551,4,3.4081632653,0.14285714286,33.836734694,3.2040816327,7.1224489796,7.7755102041,28.632653061,24.285714286,10.653061224,27.06122449,0.97959183673,1.6530612245,0.24489795918,10.571428571
61185,37.48,48.92,4.44,12.68,0.96,0,2.68,3.56,4.6,3.28,0,7.56,2.2,7.12,4.28,1.2,1.24,8.28,7.36,4.08,12.4
61192,66.872340426,36,6.5106382979,3.914893617,2.6170212766,3.7872340426,10.191489362,8.2340425532,0.17021276596,9.6808510638,8.7872340426,0.72340425532,7.5744680851,9.6170212766,5,3.4893617021,7.7021276596,1.4042553191,2.2553191489,0.021276595745,5.085106383
61199,50.121621622,59.815384615,16.215384615,28.2,5.4615384615,0.53846153846,2.6307692308,6.2769230769,5.0461538462,3.2307692308,5.9384615385,2.5692307692,7.1538461538,4.7692307692,1.9538461538,2.9384615385,0.092307692308,3.3538461538,4.0153846154,5.3384615385,8.8615384615
61204,65,60.395833333,2.8541666667,32.895833333,16.666666667,1.5833333333,2.625,5.4375,6.3958333333,7.6875,4.7916666667,4.7291666667,4.0208333333,6.375,2.0625,1.625,3.5,1.4375,2.4583333333,11.5,12.020833333
61209,73.3125,36.551020408,10.224489796,14.857142857,0.36734693878,2.1224489796,1.4897959184,5.3265306122,1.7755102041,6.2040816327,44.857142857,2.7551020408,16.775510204,3.5510204082,2.6734693878,2.7551020408,1.4285714286,6.8979591837,0.14285714286,0.42857142857,12.673469388
61229,56.777777778,73.760869565,34.260869565,52.934782609,6.3913043478,0.021739130435,0.78260869565,5.4347826087,4.3913043478,2,2.652173913,2.5,12.413043478,2.0652173913,0.021739130435,0.021739130435,0.82608695652,2.8043478261,1.3913043478,5.652173913,3.0869565217
61293,59.428571429,48.734693878,1,16.714285714,11.93877551,1.1836734694,2.2040816327,6.5714285714,4.7346938776,7.2040816327,6.6326530612,4.0204081633,7.7142857143,5.0612244898,12.346938776,1.612244898,1.7346938776,2.6734693878,5.7346938776,11.244897959,13.265306122
61325,75.291666667,25.5625,3.6458333333,5.3333333333,0.58333333333,0.020833333333,2.5208333333,4.8333333333,2.3125,24.229166667,7.0625,9.1041666667,5.2083333333,14.5,9.5833333333,4.5208333333,3.3541666667,3.3125,3.875,0.375,20.729166667
61331,63.627906977,40.854166667,1.5833333333,11.875,1.3541666667,1.3125,1.1458333333,7.625,4.8541666667,5.0208333333,5.2708333333,6.1041666667,6.8333333333,12.354166667,6.3541666667,12.895833333,4.25,0.97916666667,4.6458333333,14.479166667,22.833333333
61337,60.14893617,32.787234043,0.042553191489,3.4893617021,4.0638297872,3.2553191489,2.1489361702,9.4255319149,3.3617021277,5.6808510638,6.3191489362,5.3617021277,4.1914893617,10.106382979,0.31914893617,2.1914893617,12.489361702,3.5957446809,2.8510638298,0.53191489362,22.765957447
61386,21.9,32.909090909,2.3636363636,10.409090909,0.59090909091,2.5,1.5681818182,7.0909090909,2.25,11.840909091,7.7272727273,4.2045454545,6.3409090909,13.613636364,8.3636363636,1.5227272727,9.2045454545,3.5681818182,1,0.52272727273,13.272727273
61408,70.511111111,50.555555556,3.4222222222,23.222222222,8.9777777778,0.66666666667,1.7555555556,3.8222222222,5.9111111111,7.8222222222,4.7111111111,9.2888888889,6.4666666667,7.7333333333,3,5.6888888889,8.6888888889,2.1333333333,0.46666666667,3.5333333333,17.822222222
61527,50.014705882,32.586956522,5.8913043478,12.239130435,1.347826087,0.5,1.4565217391,2.5,5.3695652174,3.5217391304,9.8260869565,3.9565217391,5.1739130435,13.347826087,3.9782608696,8.1956521739,7.8043478261,7.5217391304,4.847826087,1,12.739130435
61641,28.491525424,43.178571429,0.35714285714,8.9642857143,0.035714285714,0.67857142857,3.0714285714,6.2857142857,4.3928571429,12.214285714,9.9642857143,7.5357142857,4.2142857143,4.6785714286,2.1428571429,2.6785714286,3,9.4285714286,3.75,1.0714285714,8.3214285714
61653,56.0875,33.479166667,7.0833333333,8.7083333333,1.2916666667,0.375,2.0416666667,3.2916666667,1.4583333333,5.4166666667,8.0416666667,3.375,5.7083333333,7.0833333333,3.9375,3.9583333333,9.5625,5.875,9.5416666667,2.2083333333,10.354166667
61659,79.020833333,19.8125,6.1875,2.5208333333,0.020833333333,5.5833333333,5.7083333333,3.5625,0.875,12.291666667,29.729166667,8.2083333333,6.6875,16.9375,8.6458333333,8.2916666667,15.166666667,1.8333333333,2.2291666667,0.020833333333,14.020833333
61670,40.736842105,46.714285714,15.452380952,4.4285714286,0,0,6.2857142857,8.5714285714,2.4523809524,5.7142857143,6.4047619048,3.3095238095,7.8333333333,9.880952381,5.0476190476,0.57142857143,2.4761904762,3.3571428571,0.19047619048,2.0952380952,3.0714285714
61809,79.229166667,23.791666667,5.5625,11.854166667,2.3541666667,3.0208333333,7.0833333333,6.0416666667,1.7916666667,17.291666667,12.208333333,11.3125,4.5208333333,10.5625,2.2916666667,6,5.25,2.2708333333,3.1458333333,2,23.041666667
61918,80.020408163,24.836734694,6.1836734694,5.7959183673,0.30612244898,0.55102040816,1.387755102,5.3469387755,4.4693877551,8.7755102041,11.428571429,4.7142857143,11.224489796,18.653061224,10.632653061,9.9183673469,16.020408163,10.775510204,8.7959183673,1.2857142857,18.693877551
61945,30.324324324,45.571428571,1.619047619,9.7142857143,1.4285714286,0,2.5714285714,6.619047619,11.80952381,3.0952380952,10.19047619,4.4761904762,4.380952381,13.80952381,2.1904761905,1.2857142857,3.4761904762,3.7142857143,5.5714285714,2.3333333333,7.0952380952
62087,38.2,41.5,7.15625,7.5,0,2.46875,2.59375,3.25,9.71875,11.71875,5.9375,6.65625,6.75,7.71875,2.46875,20.125,8.9375,0,0,4.34375,8.28125
62144,87.309278351,22.166666667,4.4583333333,4.125,0.020833333333,6.0416666667,17.6875,8.6666666667,0.5,12.875,37.416666667,7.1041666667,14.958333333,11.083333333,4.0625,7.5625,14.270833333,9.0625,1.1875,1.5625,8.9375
62332,19.466666667,58.485714286,1.5714285714,19.342857143,2.2285714286,1.2857142857,0.4,6.6571428571,4.2285714286,4.3428571429,0.71428571429,2.1714285714,8.8571428571,2.0571428571,0.71428571429,0,1.7428571429,0.31428571429,4.2571428571,11.628571429,14.2
62374,50.348837209,45.930232558,0.023255813953,9.3953488372,7.4418604651,1.0930232558,1.511627907,5.0930232558,6.1627906977,9.976744186,0.53488372093,4.2558139535,4.8837209302,8.6279069767,3.1162790698,2.7209302326,3.6744186047,3.7674418605,6.7441860465,6.1395348837,15.046511628
62375,69.041666667,35.270833333,0.083333333333,6.6666666667,2.1875,1.0833333333,3.5,5.375,6.5416666667,10.229166667,1.6875,13.5625,4.9791666667,7.1875,3.9791666667,9.4583333333,4.625,1.1875,4.5,3.8333333333,28.083333333
62378,62.85106383,45.85106383,0,10.595744681,5.7234042553,0.42553191489,1.6808510638,12.191489362,4.4468085106,2.6595744681,4.9574468085,4.1489361702,5.0425531915,4.4893617021,1.8936170213,4.1489361702,1.8723404255,1.3617021277,7.6170212766,11.489361702,14.617021277
62444,92.0625,4.2916666667,0.041666666667,1.2291666667,1.4791666667,10.354166667,8.375,5.9166666667,3.0833333333,34.333333333,6.7916666667,9.1458333333,4.8958333333,13.875,13.520833333,11.958333333,50.9375,2.1041666667,2,1.0416666667,8.2916666667
62580,30.36,50.8,1,15.08,5.12,0,1.2,2.2,4.84,19.84,3.72,2.56,6.88,12.04,7.6,3.04,2.6,0,0,9.96,15.08
62725,49,41.955555556,0.044444444444,5.5555555556,4,3.4444444444,1.9777777778,6.7111111111,5.9111111111,6.6,4.6444444444,9.7111111111,3.0666666667,3.0666666667,1.6222222222,6.3777777778,2.3555555556,4.7333333333,6.0222222222,3.1333333333,30.133333333
62835,59.617283951,60.604166667,17.541666667,33.291666667,3.4583333333,0.375,3.1041666667,12.354166667,2.1041666667,2.8125,7.1041666667,2.1875,8.4791666667,3.8333333333,0.875,1.5208333333,2.5625,3.4583333333,2.6875,4.1041666667,3.9375
62900,72.333333333,68.791666667,13.125,38.6875,17.75,0.020833333333,2.5625,7.8333333333,3.5833333333,0.83333333333,1.1666666667,0.5625,10.020833333,4.4791666667,0.020833333333,0.020833333333,1.0416666667,3.4166666667,0.6875,10.770833333,8.6041666667
62902,61.520833333,74.791666667,4.1145833333,55.302083333,36.979166667,0.020833333333,0.010416666667,1.375,5.4479166667,7.2916666667,0.10416666667,3.0208333333,7.7604166667,0.54166666667,0.23958333333,0.15625,1.0729166667,0.041666666667,1.21875,16.427083333,8.4375
69963,62,49.682926829,1.2926829268,12.073170732,7.6097560976,1.8292682927,1.3902439024,2.8048780488,3.7317073171,7.5609756098,2.8292682927,2.6341463415,6.1219512195,5.7804878049,1.8292682927,3.3414634146,0.90243902439,1.8048780488,18.414634146,14.707317073,8.9024390244
78925,77.895833333,34.479166667,4.9166666667,2.0833333333,0.020833333333,8.1458333333,31.9375,16.4375,3.0208333333,15.354166667,3.8958333333,2.6458333333,5.9375,11.5,8,3.9583333333,9.4166666667,0.29166666667,0.89583333333,1.0208333333,6.1041666667
82227,59.666666667,45.6,0.97777777778,6.1777777778,2.3555555556,0.62222222222,0.93333333333,9.5555555556,4.0222222222,5.0222222222,4.4444444444,7.6,5.4444444444,1.6888888889,1.9555555556,4.1555555556,0.93333333333,4.3555555556,4.6666666667,4.6666666667,26.422222222
85522,82.333333333,19.229166667,0.14583333333,1.7916666667,0.33333333333,11.083333333,15.875,13.520833333,4.3541666667,22.229166667,6.4375,5.7708333333,5.7708333333,10.770833333,8.0625,14.1875,18.5,0.20833333333,0.47916666667,0.45833333333,16.770833333
88454,61.266666667,53.733333333,1.1111111111,27.733333333,17.222222222,0.022222222222,1.5777777778,2.4,3.0222222222,2.8222222222,1.8666666667,3.0666666667,3.5777777778,3.8888888889,0.75555555556,2.4222222222,4.6444444444,2.5555555556,2.5111111111,5.2,14.622222222
89440,29.066666667,68.782608696,1.2826086957,27.434782609,4.5652173913,0.021739130435,1.0869565217,5.0217391304,4.9130434783,2.8913043478,0.63043478261,2.8695652174,5.6086956522,9.3043478261,0.21739130435,3.1739130435,4.2826086957,3.9347826087,6.7173913043,30.413043478,11.282608696
92979,63.947368421,29.157894737,0.026315789474,1.3684210526,0.026315789474,0.34210526316,0.31578947368,9.7368421053,9.0789473684,7.6578947368,6.4736842105,15.078947368,5.5526315789,11.894736842,8.2894736842,14.157894737,4.7894736842,2.8157894737,0.71052631579,0.026315789474,31.131578947
93375,59.511111111,43,1.9777777778,10.666666667,10.355555556,0.8,0.088888888889,5.8666666667,5.7111111111,16.911111111,4.4222222222,7.3777777778,1.7777777778,9.0888888889,3.3111111111,4.1777777778,3.0222222222,7.9111111111,10.377777778,2.8444444444,15.511111111
98330,87.979166667,17.734693878,4.7346938776,2.1836734694,1.3673469388,12.102040816,8.0408163265,4.1428571429,2.3673469388,14.612244898,31.693877551,3.3673469388,7.1428571429,8.3673469388,8.1428571429,5.306122449,22.918367347,0.83673469388,0.26530612245,0.020408163265,9.4489795918
101010,53.253731343,39.760869565,3.7608695652,11.282608696,15.173913043,3.8043478261,5.5434782609,5.6956521739,2.1956521739,13.760869565,7.1956521739,5.5434782609,6.6304347826,11.043478261,11.086956522,7.8260869565,4.7608695652,2.4130434783,2.5217391304,2.6304347826,15.891304348
101604,56.022222222,72.222222222,9.4666666667,48.555555556,32.377777778,0,0,7.5333333333,5.5777777778,4.0666666667,1.1111111111,1.4444444444,11.088888889,1.6222222222,1.2888888889,0.71111111111,1.9111111111,1.7333333333,4.3111111111,11.911111111,8.5333333333
104721,85.265306122,32.489795918,9.4285714286,11.081632653,0.24489795918,1.6734693878,2.5102040816,4.2244897959,4.3469387755,10.836734694,19.387755102,11.040816327,5.7346938776,15.510204082,5.2448979592,8.2448979592,10.244897959,16.224489796,2.1632653061,0.40816326531,14.673469388
106997,73.934782609,38.413043478,1.5217391304,3.152173913,3.4565217391,0.021739130435,0.36956521739,5.1956521739,4.4565217391,7.347826087,3.9347826087,6.8695652174,3.1304347826,8.2608695652,1.9565217391,10.413043478,4.347826087,7.6956521739,23.760869565,3.7608695652,16.52173913
145742,59.35,26.87755102,3.4897959184,6.9795918367,2.7755102041,4.2448979592,7.9591836735,1.7346938776,0.10204081633,12.510204082,14.673469388,6.0204081633,11.142857143,17.897959184,10.816326531,13.959183673,10.326530612,4.1020408163,0.67346938776,3.2040816327,13.408163265
159055,63.4,49.87755102,0.061224489796,3.4081632653,1.6530612245,1.0816326531,2.4081632653,9.3265306122,14.102040816,4.1632653061,0.12244897959,11.979591837,8.4489795918,4.2040816327,0.020408163265,14.306122449,0.73469387755,1.5102040816,4.8571428571,3.5510204082,42.734693878
165675,50.926829268,56.87755102,1.0204081633,15.489795918,2.2857142857,0.28571428571,0.67346938776,7.1428571429,18.408163265,2.0408163265,1.9387755102,8.1632653061,5.693877551,0.57142857143,0.16326530612,2.6530612245,0.48979591837,0.59183673469,7.1020408163,6.4285714286,33.040816327
170833,24.217391304,54.673469388,2.8367346939,14.551020408,2.0816326531,0.4693877551,0.24489795918,11.571428571,14.673469388,3.9795918367,2.5102040816,10.551020408,2.612244898,2.0816326531,0.61224489796,7.2448979592,1.6326530612,0.73469387755,5.4897959184,6.5510204082,39.653061224
220674,27.296296296,60.217391304,1.4565217391,15.336956522,3.4239130435,0.60869565217,1.25,14.445652174,7.2717391304,4.1956521739,3.9565217391,7.4782608696,7.347826087,2.0434782609,0.086956521739,2.5760869565,3.6630434783,12.347826087,8.2826086957,7.6630434783,16.282608696
228769,27.642857143,40.821428571,0.75,2.7857142857,2.5714285714,3.8928571429,7.0714285714,3.8928571429,5.5,10.428571429,6.3214285714,1.5,1.6071428571,8.1428571429,6.9285714286,4.6428571429,1.5357142857,5.9642857143,2.6071428571,5.7857142857,7.1785714286
235414,23,72.47826087,4.2173913043,32.695652174,5.0652173913,0.021739130435,0.021739130435,2.5217391304,4.5,0.021739130435,0.021739130435,0.95652173913,7.8695652174,3.8913043478,0.95652173913,0.63043478261,1.4130434783,2.3260869565,1.847826087,33.934782609,10.695652174
246728,70.595744681,49.680851064,3.1063829787,23.170212766,12.787234043,0.021276595745,2.1489361702,2.9361702128,1.7872340426,8.1276595745,1.8723404255,7.8510638298,3.5957446809,5.7872340426,4.4893617021,3.0425531915,4.4468085106,7.6170212766,3.1489361702,5.3191489362,21.234042553
439570,72.102040816,78.408163265,0.79591836735,42.489795918,7.5306122449,0.020408163265,0.020408163265,11.734693878,12.918367347,1.8571428571,0.71428571429,1.3673469388,3.7755102041,0.69387755102,0.59183673469,0.020408163265,0.85714285714,1.0816326531,3.612244898,5.9387755102,8.8163265306
440967,30.413793103,49.591836735,0.020408163265,8.1224489796,1.6734693878,0.020408163265,0.81632653061,11.265306122,11.551020408,5.306122449,2.7142857143,8.8979591837,10.918367347,2.0204081633,0.44897959184,8.4489795918,3.7959183673,12.06122449,10.306122449,7.8979591837,31.87755102
444539,58.181818182,53.816326531,22.755102041,29.224489796,4.2653061224,2.4897959184,2.2653061224,15.93877551,0.57142857143,6.4081632653,3.2857142857,4.387755102,13,8.0408163265,4.2857142857,3.6734693878,4.6326530612,0.95918367347,3.0204081633,5.9591836735,6.7346938776
444683,15.153846154,51,2.6538461538,12.076923077,2.5384615385,0,0.73076923077,4.6923076923,3.8076923077,3.2307692308,2.2307692308,0.38461538462,7.0384615385,7.0384615385,0.076923076923,1.1153846154,2.4615384615,7.7307692308,1.8076923077,2.8461538462,10.230769231
444972,18.833333333,37.428571429,0.2619047619,6.0476190476,2.2380952381,0.19047619048,1.9047619048,5.6904761905,1.4761904762,18.857142857,5.0714285714,4.0238095238,4.5714285714,8.9047619048,8.3571428571,3.8095238095,4.9523809524,5.619047619,1.5238095238,3.4761904762,11.19047619
519539,84.673469388,23.93877551,0.57142857143,2.5306122449,3.1428571429,0.32653061224,5.4081632653,10.897959184,0.10204081633,17.755102041,9.0612244898,16,7.8571428571,11.612244898,7.7755102041,9.1020408163,7.2040816327,4.5102040816,17.408163265,4.1632653061,24.816326531
520191,79.244897959,26.87755102,2,6.9591836735,1.9183673469,5.2448979592,2.3469387755,5.4693877551,2.1224489796,10.93877551,5.2653061224,10.795918367,4.1836734694,19.428571429,9,13.306122449,14.857142857,3.6734693878,2.5714285714,3.6326530612,18.183673469
520296,32.865671642,44.701492537,1.2835820896,9.2686567164,3.4179104478,1.4179104478,4.1194029851,3.1044776119,3.5820895522,9.223880597,6.3134328358,6.671641791,6.2985074627,9.4925373134,5.9253731343,7.9701492537,2.0895522388,3.9701492537,1.7014925373,6.7910447761,9.6417910448
521238,39.285714286,44.591836735,1.4693877551,17.755102041,12.408163265,0.34693877551,0.85714285714,11.081632653,6.5714285714,8.693877551,4.2244897959,16.367346939,7.2040816327,5.306122449,4.306122449,9.5510204082,2.306122449,3.9591836735,5.1020408163,15.387755102,26.204081633
526618,52.8,24.47826087,5.2608695652,3.9565217391,2.347826087,4.8043478261,9.5652173913,10.217391304,2.6739130435,10.934782609,8.3695652174,4.2173913043,6.7826086957,12.869565217,10,10.586956522,5.1956521739,2.7173913043,0.52173913043,0.65217391304,13.434782609
556940,68.153846154,19.354166667,1.625,0.020833333333,0.020833333333,6.2708333333,10.6875,6.2916666667,2.5625,10.729166667,31.520833333,7.5416666667,6.7083333333,12.770833333,9.5416666667,7.4375,7.8958333333,3.8333333333,3.5416666667,0.52083333333,15.645833333
565690,33.815789474,57.631578947,2.4210526316,21.578947368,6.6578947368,1.5263157895,5.0263157895,5.0789473684,2.1315789474,6.0526315789,4.0789473684,2.5526315789,7.6842105263,6.7368421053,6.2894736842,4.5526315789,2.6578947368,0.39473684211,3.2894736842,11.131578947,4.5
595928,49.512820513,46.025641026,0.79487179487,7.8461538462,3.0769230769,1.5384615385,2.9743589744,4.8717948718,2.9743589744,5.0769230769,2.5384615385,6.3333333333,3.8717948718,9.0769230769,2.2051282051,1.3333333333,1.1794871795,5.4615384615,5.5128205128,6.0512820513,22.923076923
637563,64.555555556,61.266666667,3.6444444444,35.777777778,8.8444444444,0.022222222222,0.022222222222,10.955555556,5.2444444444,2.6666666667,2.0444444444,0.95555555556,6.7555555556,0.84444444444,0.66666666667,0.88888888889,1.1111111111,1.5111111111,3.3333333333,5.7111111111,8.3555555556
637566,72.375,59.125,2.1041666667,16.416666667,8.1666666667,0,3.0833333333,6.4583333333,3.8333333333,6.1875,3.5625,4.25,3.1041666667,8.0416666667,1.5,3.1875,2.2291666667,5.8541666667,9.9791666667,15.145833333,22.6875
637776,37.944444444,57.583333333,12.027777778,25.027777778,6.7777777778,0,0.77777777778,9.0277777778,3.4444444444,4.4166666667,7.2777777778,1.8888888889,7.6666666667,0.13888888889,0,0.55555555556,2.6111111111,4.4722222222,0.19444444444,7.6666666667,6.1111111111
637796,44.090909091,58.25,5.4318181818,27.977272727,2.0454545455,0.52272727273,0.93181818182,19.909090909,7.3181818182,3.8636363636,4.3181818182,1.7045454545,5.3409090909,3.0454545455,1.0454545455,2.2954545455,0.52272727273,2.0909090909,0.72727272727,5.4318181818,9.5454545455
638014,71.533333333,52.177777778,3.8,20,9.6,0.35555555556,0.88888888889,6.3777777778,3.7333333333,8.7111111111,3.6,2.8,5.2666666667,7.2444444444,3.7111111111,3.4222222222,2.6888888889,4.2888888889,2.4222222222,9.5555555556,18.777777778
641423,55.725,53.425,3.925,28.375,8.3,0.45,2.925,4.25,3.85,5.475,1.2,1.1,5.35,6.3,2.025,3.7,3.525,2.6,1.525,14.4,9.425
643820,73.043478261,61.869565217,4.8260869565,22.47826087,16.47826087,0.021739130435,2.1739130435,10,5,4.0217391304,4.6739130435,7.5652173913,3.0869565217,6.4130434783,0.65217391304,2.847826087,1.1086956522,3.4565217391,5.8043478261,8.2608695652,18.391304348
1549026,20.173076923,54.884615385,5.6153846154,11.615384615,5.3076923077,0.73076923077,1.0384615385,0.42307692308,1.4230769231,8.5384615385,8.2692307692,0.61538461538,7.4615384615,5.6153846154,2.1153846154,2.7692307692,4.4230769231,4.6538461538,0,6,6.3846153846
1551246,74.244897959,65.571428571,1.0612244898,20.489795918,14.489795918,0.040816326531,0.040816326531,4.5510204082,11.285714286,10.918367347,0.5306122449,11,5.8775510204,1.0408163265,0.040816326531,8.8163265306,0.81632653061,1.8775510204,4.693877551,11.428571429,38.265306122
3578033,73.346938776,28.857142857,1.0816326531,4.2857142857,3.2244897959,1.2040816327,0.77551020408,3.9183673469,5.5102040816,16.816326531,6.8571428571,11.653061224,5.7551020408,17.326530612,10.816326531,6.0408163265,5.5306122449,5,2.306122449,1.5918367347,17.918367347
5273467,14.708333333,38.125,0.54166666667,6.9166666667,2.5833333333,0.83333333333,2.9166666667,0.45833333333,9.5,8.2083333333,5.7083333333,3.25,0.625,14.041666667,5.7916666667,1.4166666667,10.333333333,2.4583333333,0,5.375,6.25
5280450,66.595744681,18.234693878,1.3979591837,0.44897959184,0.45918367347,1,1.3163265306,6.5306122449,0.9693877551,18.316326531,12.87755102,13.673469388,8.9285714286,13.704081633,7.3571428571,11.785714286,11.816326531,10.948979592,1.112244898,0.21428571429,28.969387755
5315892,75.229166667,46.729166667,12.375,26.270833333,10.8125,0,1.1041666667,18.291666667,2.4166666667,9.2083333333,3.0833333333,1.3958333333,7.875,10.770833333,6.4375,3.2708333333,6.6041666667,1.3125,1.5625,7.6875,11.416666667
5362588,53.604938272,45.020408163,8.5510204082,24.306122449,12.183673469,0.061224489796,4.6326530612,7.7755102041,3.9387755102,10.448979592,4.0408163265,4.5306122449,8.0204081633,4.7346938776,0.32653061224,4.3673469388,3.7959183673,2.2857142857,2.2857142857,2.7959183673,16.857142857
5362798,63.531914894,48.638297872,0.82978723404,19.489361702,5.6808510638,0.021276595745,1.6808510638,7.6808510638,2.9574468085,6.1914893617,3.9787234043,4.4893617021,9.6170212766,6.6595744681,2.7234042553,6.5106382979,2.4255319149,0.93617021277,7.8936170213,8.5531914894,25.617021277
5362814,61.494252874,29.195652174,0.60869565217,2.5217391304,6.8913043478,10.086956522,4.7391304348,4.8913043478,3.2391304348,15.869565217,4.3260869565,2.7391304348,6.9130434783,11.02173913,2.2391304348,3.2173913043,12.326086957,5.3260869565,4.0217391304,4.5217391304,8.6304347826
5363388,78.70212766,65,3.4255319149,33.808510638,36.808510638,0.042553191489,0.17021276596,3.8085106383,3.4255319149,3.170212766,2.2127659574,1.829787234,6.5319148936,0.34042553191,0.63829787234,1.2978723404,3.2127659574,1.5957446809,22.340425532,11.446808511,3.8085106383
5363491,23.125,39.653846154,1.0384615385,1.3076923077,0.23076923077,1.1538461538,2.7692307692,4.6923076923,7.4615384615,7.8461538462,4.1538461538,2.0384615385,1.6153846154,5.9230769231,7.7692307692,3.3461538462,0.076923076923,2.3076923077,8.1923076923,1.2692307692,7.1923076923
5364729,71.571428571,41.816326531,3.8367346939,16.93877551,18.87755102,1.3469387755,2.4693877551,4.2244897959,8.612244898,16.775510204,1.4693877551,6.4897959184,1.3673469388,3.306122449,3.5918367347,2.8979591837,4.4897959184,0.95918367347,5.2244897959,6.4693877551,11.346938776
5365027,78.270833333,36.3125,1.6041666667,5.4791666667,3.6458333333,2.4375,0.3125,3.4583333333,3.9583333333,9.1666666667,5.1666666667,8.8125,8.8333333333,12.729166667,5.8541666667,6.0208333333,4.4791666667,5.9791666667,6.3333333333,3.4583333333,22.5625
5365049,62.934782609,65.891304348,2.7826086957,29.413043478,27.065217391,0,0.21739130435,2.8913043478,7.8913043478,6.2608695652,1.3913043478,0.76086956522,3.6739130435,1.5434782609,1.2173913043,0,5.6304347826,1.0434782609,29.804347826,13.630434783,7.3260869565
5366244,21.066666667,27.395833333,1.4583333333,1.2291666667,0.29166666667,0.1875,2.625,6.6666666667,1.0208333333,19.583333333,11.041666667,17.125,6.8958333333,10.5,7.0416666667,4.5416666667,3.6666666667,6.1041666667,2.8125,1.2708333333,29.25
5367706,41,41.638888889,1.5555555556,6.6388888889,1.25,2.1388888889,1.5555555556,3.8888888889,1.3055555556,7.5277777778,1.8055555556,5.2777777778,3.4444444444,10.027777778,3.6388888889,4.3055555556,4.8055555556,6.5833333333,7.3333333333,2.7777777778,10.833333333
5368076,49.195121951,50.853658537,2.7073170732,20.951219512,15,0.24390243902,0.75609756098,2.4634146341,3.1951219512,9.3658536585,3.6585365854,6.0487804878,4.4634146341,8.512195122,1.9024390244,0.9512195122,3.6585365854,2,5.487804878,6.6097560976,9.756097561
6429333,21.083333333,36.548387097,1.3548387097,9.0322580645,0.032258064516,1.3870967742,3,3.1935483871,5.0967741935,15.322580645,2.3225806452,3.0967741935,3.5483870968,16.322580645,9.064516129,5.8709677419,1.8064516129,2.7096774194,4.9677419355,8.6129032258,11.483870968
6999977,52.666666667,51.19047619,13.666666667,18.285714286,5.5,0.2619047619,3.6428571429,4.2619047619,1.7380952381,9.880952381,3.0952380952,1,3.5714285714,3.4285714286,3.4047619048,0.61904761905,3.1666666667,4.5476190476,2.0714285714,2.7380952381,10.119047619
