Mixture Label,INTENSITY,PLEASANTNESS,BAKERY,SWEET,FRUIT,FISH,GARLIC,SPICES,COLD,SOUR,BURNT,ACID,WARM,MUSKY,SWEATY,AMMONIA,DECAYED,WOOD,GRASS,FLOWER,CHEMICAL
1,52.79647177599744,39.71203466654647,2.9722463529925207,10.707469923656793,4.474642687398676,1.795233132667848,3.689762667990427,6.14428770781864,4.439443882755962,10.38905548397739,5.110716135509089,6.963642941588669,5.488703626697044,9.231552370372052,5.431957675397621,6.113164876753781,5.529264238951905,3.165506008150921,2.9970693415647855,4.794088054990216,18.596306580801766
2,52.17757194153918,39.8301433904006,2.8318573636849167,11.132046930014885,5.0560930415618275,1.6939651425169095,3.646730523003876,5.87271128751554,4.534329533838436,10.9492327473749,4.338947549677127,6.984190656309565,5.400650458209982,9.516999479474146,5.919305405004326,6.050093535619986,5.70824828167126,2.909375640028031,2.8160328060622315,4.55055073948827,18.687532432823936
3,54.04278838658843,39.44566646954933,2.908205817885251,10.731577943011805,4.339102206677042,1.747789412626553,3.5971277438195677,5.912847391478201,4.598523137178431,10.370936095081136,4.734069995642157,6.989989225690952,5.479397202617004,9.37042311598596,5.625337133759162,6.255989248022865,5.550409542667125,3.054901829205029,2.904083927506074,4.67065099312745,19.214241095122194
4,50.369627782027905,39.65724321904269,2.639414269120771,10.625844323338278,5.2073690248101165,2.0201143169582916,4.3455736629202075,6.200382237088501,4.445130554464807,10.664870127018721,4.586923509976337,6.953400118581213,5.384628412204429,9.077832321728756,5.695826669843058,6.10648966010264,5.809443850969605,2.7939518467835986,3.100813767578228,4.918719770626784,18.232117663367575
5,48.28259167003923,38.69694381342205,3.0386678989303806,9.860007448973631,3.467928063963791,1.9201381062123832,4.146889321924731,5.966166748562739,4.343441067551592,10.93712691459088,4.37495081513412,7.137055977541525,5.358903385172043,9.54151211085843,5.9330252925328795,6.241206408201911,5.760545362209919,2.7707776750999575,2.3902491900854574,4.041531939865643,18.46534486327593
6,50.19970022224116,40.82546224749491,3.301962529857634,11.489835193011455,5.133857021836876,1.3473306729577013,2.7723304311110306,6.09562937604438,4.3948161045024365,10.435140531400526,4.8479296708666135,6.854515613923383,5.693566224755756,9.1476018291868,5.426792362283296,5.789656939969627,4.931850509861095,3.258490747331996,2.8457638800992373,5.231857615728906,18.071562401819584
7,53.136378482939286,37.8227837199162,3.178519626222272,8.950819104088032,2.841691603454287,2.309862209483643,4.682111393119524,6.7244001691800195,4.1751788825890115,10.640996819670642,5.698086753141999,7.020110450428728,5.575683401267853,9.51976883916749,5.4109452977223675,6.3785325669357045,6.126777393103137,3.2288050126661307,2.8150562401268724,4.489874261389217,18.323486690065515
8,53.411693481956135,38.139416087673744,2.9913599318901563,9.012027256968727,3.3031282447371626,1.8812562870439735,3.842985629182695,6.211492206660044,4.373153318606711,10.718379745146612,5.521891133143813,7.039763116080417,5.49577911001764,9.595789016745599,5.657073615234706,6.361098117302693,5.725104648906462,3.209901667498289,3.0640111032790975,4.308670327160241,18.83334744246302
9,52.35386517699108,38.92480574302505,2.9311679956809056,9.918555000894093,4.246491769224934,1.9389024338372205,4.108356150447874,6.2213716733258515,4.3106032500112885,10.795531605779727,5.40222326761431,6.950271917682518,5.464376691302776,9.555431692220761,5.812487898699302,6.139926810479108,5.799407679207826,2.951585221160158,2.932851210302284,4.703560344568845,18.160061854121015
10,53.86832413997117,42.852875167892485,2.8770343957211115,13.755516784860191,7.504493440100622,1.67273672246497,3.0816040829889495,6.40031052337999,4.767222896414871,9.617388614122463,4.838969983081686,6.809740948782564,5.556474862298242,7.938855731558573,4.480752550580732,5.880860700690811,5.243627879887711,2.9122433399510737,3.5134689268836152,5.937534130655062,18.708045304211733
11,50.49265841137946,39.61185362602175,3.01309862484752,11.107975165686883,4.503762368448067,1.9424785124025754,4.116132492636952,6.254141303229805,4.333494004000601,10.761828833050162,4.40354213736989,7.045613681343221,5.41941887824079,9.051283149833916,5.469334704854839,6.125886946317186,5.740086603777414,2.8463877170810523,2.6750715949418176,4.596174788959853,18.51615559159549
12,46.99167067882598,38.81263959998761,3.322631547518788,9.810697878527051,3.2496837165258645,2.09412790331069,4.433902730231564,6.505198702381042,4.163267030776232,11.183877325626687,4.801169781865513,7.163966591282382,5.43598794335929,9.487508034157202,5.933486340803309,6.224891006133208,5.998172896087236,2.651184746364799,2.303168132281045,3.7572939398638265,18.15635701741129
13,49.03345397137977,39.908325897891615,3.1215559896461222,10.636885931419686,3.4042004170403413,1.6393206450784266,3.6199057770651155,6.050928534521659,4.486659604782645,10.880014305497207,4.190913454904242,7.147702012411017,5.364453408452963,9.511016227531934,5.935742379406473,6.204586146016616,5.462790885152909,2.7941682523060902,2.6569085995685624,3.918823970176033,18.764003597643438
14,51.000381942988966,39.276474346683614,3.1810802258182003,10.30444973644395,3.7658107934823657,1.9932756538520118,4.098717213897031,6.418908161109636,4.310793965921265,10.487432082261526,5.1705652051510675,6.980277132667251,5.555773526108135,9.240432911870228,5.398537664322342,6.1582728174976475,5.696672389220688,2.9840901075428743,2.7442591771221743,4.733248124148043,18.256718914399723
15,53.55470219693528,36.0197858192002,3.191149338038703,7.421777433822163,1.3252061288443646,2.573574366264281,5.566603303340155,6.765645851757554,4.063932707314158,11.464371360295434,5.9748261181503315,7.1621783772455485,5.422100951561986,10.543921323772672,6.39140769644895,6.630782984480845,6.814876111736703,2.9630679014236923,2.5067163343762,3.185805353185158,18.21700496741596
16,54.66943152042295,39.993648040113804,3.1584560544748053,11.332105846086536,4.353034322300228,1.77608897896989,3.7017526134946213,6.264568456008353,4.387084217810555,10.664743492690596,4.6165520848585455,7.017863301137207,5.53075837980947,9.218106177509563,5.481660614814175,6.177721413345792,5.48278201700357,2.865835747341495,2.871523888448236,4.7221797746911145,18.881976686225354
17,52.71500279650747,37.956799095277994,2.8806364674488543,9.310736796311627,3.707076454378867,2.2739208524177323,4.944882602967056,6.494688964170193,4.24708881133215,11.35488491696026,5.0168755877014135,7.077142226176528,5.401971138564244,9.78251184929044,6.046620008119519,6.364555197189798,6.345550246070242,2.7956741389271316,2.949352195810531,3.9867312921448104,18.357998269893823
18,52.306230938140125,37.767253484492855,3.1719890591654285,8.904686599088594,2.728153876800834,2.258503891319278,4.781128761483602,6.749309578970627,4.13903763442208,10.875075784695882,5.660932044625155,6.9921302586887055,5.583800552969653,9.720611078225339,5.700657247944381,6.327173065739084,6.108334761425619,3.057187640349156,2.7120008411378933,4.5068480535333775,18.196099501596787
19,50.992080882082824,38.73585103616795,3.135407109058379,10.156558243171093,3.52371618814435,2.135612709253274,4.559668885270535,6.471171618269572,4.197691040352394,10.971671939270264,4.986429133961002,7.053744989824698,5.463325725972264,9.467715828582593,5.65929974640636,6.204152223288523,6.010380026740317,2.8033734985175305,2.6603889399890446,4.327609193876121,18.092411463163504
20,50.584614492762874,39.18976111777913,3.13807822952827,10.835354335976989,4.281422694801189,2.1571619445011008,4.604577199222348,6.570361030610088,4.175016692678995,10.941475581768046,4.853077020978477,7.0336181811513026,5.450678868781848,9.276238153029988,5.531190334556796,6.103237008609891,6.082798709138793,2.9563786591284904,2.5738317358103484,4.3139622899426575,17.892062300580097
21,51.4260120299366,36.85544442771326,2.921561092441154,8.151737039767456,2.6328382415151066,2.4274649541531335,5.211391205844157,6.712833228446371,4.089372913485506,11.367212096621957,5.378386594713498,7.091208971512171,5.391176910415008,9.921972814158613,6.087732469556156,6.416692496181977,6.520815197364499,2.9993194089766133,2.7242077679155443,3.94039853384466,18.283872571269004
22,49.06482094958147,40.44619112437193,2.950570824827474,11.026616679877248,3.9398952778654865,1.8229213997396114,3.84237568544615,6.322408797530749,4.450505295741523,10.269083750716929,4.1879885856142725,7.0260541945777435,5.446361982679956,8.973434199693957,5.399562265768343,6.197478694100492,5.343069511088527,2.845893772883379,2.7527206072045347,5.0695163262278955,18.800668201248822
23,51.91429908791198,39.19102885066049,3.0469634300776254,10.617115780908676,4.414524381928554,2.1990840035454475,4.548337487084611,6.4448069052624835,4.295035903338847,10.775429808424676,4.789875500812871,7.044384004277142,5.453944906636186,9.130185026052626,5.495223005641053,6.255723256244287,6.069107715706313,2.7427143700163716,2.835261425446787,4.54436193312122,18.58879297876262
24,47.954152017683,38.685832943847956,3.0190746126326835,9.91098575461275,2.8471216751725423,2.071641572968077,4.604376234331143,6.136281138589236,4.273209153079029,11.348166603186955,3.9100806991070023,7.264599810816252,5.252400028096154,9.51982455998547,6.053199156096855,6.357817190906035,5.979043213488154,2.617355424625522,2.3658355753177593,3.5888352432803288,18.819215848827106
25,51.87688128127923,37.05974497953843,3.0614976438653616,9.228394578418042,3.845273211358775,2.2891172517608376,4.800225450514907,6.424062627759938,3.9694812106349113,11.095348570840219,6.069799143668257,6.907359096340594,5.570700143998745,9.701397871401108,5.721937684714701,6.046856626520495,6.30808063168095,3.2592902927790925,2.6371911211132786,4.452946619402315,17.59602820679556
26,52.08204212392047,34.608235735684914,3.5448270389153773,7.566095115634968,1.9035609688870068,2.9120138523545434,6.488361321423536,6.907715220355987,3.5400996194404843,12.624805075678005,6.4905408882704,7.136805150907744,5.502825194229761,11.199840368451511,7.006892394693171,6.394987607353832,7.63457645634069,2.6945820825513738,1.8787598078795584,2.5802833645579564,16.356753350695268
27,51.453865062845004,39.6069820336328,3.142010736994499,10.756476864381558,4.2258544093757955,1.8033279248972958,3.852484286060047,6.534386530814844,4.246083175288333,10.975014059955134,4.8708363981363405,6.993936562788772,5.496759612033926,9.376566251118494,5.629037500257938,6.02741732420478,5.665786913150335,3.136822385066157,2.9551407428233274,4.424003553744848,18.248931105004004
28,51.18496123411742,38.13256239909369,3.063604099125183,9.79221778302048,4.150314018466384,1.9727172076141144,4.151943404588465,6.323836218938904,4.120464809754903,11.166000427602441,5.34557710282693,7.0541826249529835,5.45352735180579,9.54601474938272,5.811503840167001,6.169270028030814,5.93056074330597,3.0433089474042494,2.824996436966617,3.9631586084733255,18.219520686824648
29,51.53953300156149,40.18659225570296,2.979389402747876,10.613681183396784,4.121210721291418,1.6769313078520267,3.5708030459464926,6.1408258078713915,4.553489411579397,10.482898984886878,4.351316224443989,7.022998447674481,5.470643604968906,9.22796870388721,5.5329569101126195,6.191732680679178,5.324927044805997,2.890610373574709,2.984660014314154,4.8463628953950915,18.976957866145078
30,49.36040457862024,39.94627186733297,2.6438620925952896,11.034408876082901,5.008165791827565,1.8503894575407636,3.9390512225641614,5.870690523241237,4.568432879912588,10.714697691297163,3.911137428892165,7.106114416210809,5.234627169080939,9.03855660870727,5.72561907990206,6.186811871999922,5.67763865513055,2.78031817555156,2.970045232413282,4.479673341545147,18.914754892641657
31,51.814129102797466,40.086481521609734,3.248403696155347,11.705032603204568,3.931818336209165,2.0340458818753735,4.297929820222176,6.521692522022625,4.3870498160003315,10.565551932345809,4.984447420608884,7.010097798859358,5.493458749998042,9.336276043824483,5.584265825955626,6.152853526515052,5.869990918420459,2.561843200830047,2.648527960589991,4.512425496907612,18.01903112122686
32,51.53032058566257,38.995466818100205,2.906364079265236,10.481918304293039,4.291201239234337,2.014894699742359,4.283697584009288,6.183857281525044,4.315388626554114,10.833632320261513,4.856767244785681,7.0292628541721776,5.397768903099095,9.318690208180515,5.648836800760452,6.154574217208101,5.86714642798769,2.844275911291345,2.864724367716318,4.458156013080852,18.385246954784733
33,53.66060456192978,38.91944880557212,2.933944350510144,9.9956538372722,4.055896782386308,2.259004513758631,4.697392623997169,6.580328877550384,4.3565817780355705,10.582773135916156,5.155121780558036,7.025125429706702,5.447785651404263,9.194213328817318,5.357076371111502,6.354127747805036,6.104457039483369,2.930223816388596,3.169227091409009,4.4606805309093644,18.61081435163773
34,53.74029119192273,41.02586506565831,3.07590344729796,11.69856902928464,5.375026908229547,1.7698443170784317,3.613710025486878,6.08206693439361,4.608028334311767,10.406582714794542,4.425014637587251,7.006033070887322,5.468107667940787,9.002502493689134,5.340343724303864,6.118100770486399,5.523130289631487,2.802864346370206,3.153648816721086,4.817859917730018,18.65995436078448
35,50.49265841137946,39.61185362602175,3.01309862484752,11.107975165686883,4.503762368448067,1.9424785124025754,4.116132492636952,6.254141303229805,4.333494004000601,10.761828833050162,4.40354213736989,7.045613681343221,5.41941887824079,9.051283149833916,5.469334704854839,6.125886946317186,5.740086603777414,2.8463877170810523,2.6750715949418176,4.596174788959853,18.51615559159549
36,50.94035353154519,40.38781444721813,3.299317592793705,11.307093892715272,3.4750350434840445,1.8057978530596073,3.673177361288361,6.669340357876139,4.390962365146746,9.870841381932443,5.722888958295317,6.8050453330521306,5.722786139515638,9.214650177557559,5.29564693181138,5.926902280137138,5.304301518676137,3.206143375464338,2.621242875073925,5.412241692196188,18.065611213388536
37,52.021195866988975,38.16226847229797,2.960646335457644,9.627527182266096,3.6565018205490674,2.8209792343857307,6.052336648957679,6.782403406889635,4.186600605250827,11.304264769440902,4.725896281845477,7.180017120838663,5.305168794482335,9.451712716336607,5.835256176510998,6.524536711239587,6.905265616269652,2.2627726794346392,2.7273385735650857,4.030636835161063,18.117665113369547
38,52.196337171913505,38.610995489902955,2.7732540145872,9.674302184035659,3.7088469338699843,2.352152542548397,5.075774550565872,6.593934224316121,4.321796677420634,10.911293126421667,4.852660536474565,7.043805667769379,5.366284349123517,9.433711320496604,5.769224663789084,6.368072487436183,6.281272850938737,2.8379048059851026,2.884801892016857,4.531525870117215,18.472703580993677
39,49.93234706306475,40.04597374878667,2.969819236806241,10.824934611528441,3.8330019368019634,1.6589780060654935,3.5291169866110774,6.04946435214738,4.4573742568492865,10.642764321467872,3.9364869811179073,7.129268984600025,5.352910546259565,9.041494350429627,5.45791566440514,6.214809752413883,5.275155535816023,2.8364774731289106,2.8449706811412936,4.520003916617366,18.97594932428954
40,49.03345397137977,39.908325897891615,3.1215559896461222,10.636885931419686,3.4042004170403413,1.6393206450784266,3.6199057770651155,6.050928534521659,4.486659604782645,10.880014305497207,4.190913454904242,7.147702012411017,5.364453408452963,9.511016227531934,5.935742379406473,6.204586146016616,5.462790885152909,2.7941682523060902,2.6569085995685624,3.918823970176033,18.764003597643438
41,55.50044663045504,39.82645537830279,2.938010290280967,10.833086961066384,4.904385623672226,1.9541267778585556,3.9596920703201053,6.390890187116271,4.469049762425157,10.237030109503364,5.34896726194345,6.873557577410984,5.583872013091834,9.038023623648584,5.1140487214165695,6.166924928560073,5.6686356179619475,3.080290466929226,3.307221923518793,5.285390195775765,18.522500265556133
42,51.817157509848805,40.52056948311354,3.011380876579057,11.037912393680756,4.303992809492662,1.6895105963375918,3.4878953254400664,6.463464963030486,4.5061894441049795,10.396707110345087,4.6435699889805235,6.988327627706091,5.498373808719916,9.03182199033297,5.3817306317714975,6.154649587307002,5.334423166366155,3.0092576548314725,3.138641894378662,4.877433250682003,18.845592192908903
43,52.00403328028498,38.321168396816795,2.9908654494302622,9.550450792922444,3.8429713620682384,2.1970913878161094,4.5469764103193935,6.484882450934596,4.258252911937286,10.877099737120151,5.403314331337528,7.032943443964077,5.470361748363665,9.378049565036529,5.597340650962323,6.266062533464128,6.100843831237831,3.0355054252162788,2.90483993665342,4.317771883604762,18.402580330586016
44,51.50916787651854,39.12409036007394,3.019184841945411,10.53475522061345,4.293036291946368,2.108738955065291,4.563045592742183,6.401223287697473,4.25136727901718,11.001616763060234,4.688698408996171,7.012271449206583,5.461231085274343,9.381943215710102,5.638771205840709,6.14125345496853,5.996834330176726,2.814022296179419,2.7458448170427867,4.523086877093363,18.03561885651232
45,51.02124839556847,38.32023556950586,3.1551019085337875,9.254508280325696,3.217433415884805,2.0932718119724476,4.4878435229031926,6.581172775082002,4.1571735872194955,11.058868601371795,5.339520091018088,7.021759841626021,5.511489404236944,9.782005574607513,5.912802945098073,6.216957710343348,6.011427258428629,3.0374448546595607,2.7403912413463702,4.2323537483367675,17.884652573232632
46,52.72301714440976,39.00147620110642,3.480600644169585,9.485909897098717,3.18179482645973,1.8766100287824972,3.8668684350600526,6.899970888270366,4.1224057665986855,10.657787202781618,5.94217657968013,6.919404470946544,5.743728774571261,9.764149265872655,5.490378411144355,6.103637102042339,5.581454691779759,3.2106612906691105,2.9725347206856787,4.573085681364579,17.802253905576237
47,51.17072297012543,40.502782540764855,3.1462669243754364,11.42549218909651,4.446582536590527,1.6611735206453149,3.3827795613797886,6.294338699852691,4.4451862259407315,10.414686407204702,4.426629941619591,7.015415600888477,5.508125516923926,8.936828545444856,5.2124808376134695,6.074045737815931,5.323612077328434,3.1198517633332483,2.8447837081973333,4.76221937715438,18.873835856552894
48,52.60375187429693,40.311785797442155,3.2206245867862595,11.482638525702505,4.0985511197115745,1.6260972616633869,3.370520500367198,6.2101344573036865,4.464343406438625,10.14784242347771,5.016164962004314,6.891339454510327,5.633521988660028,9.26768300120389,5.29708651324848,5.969515818770482,5.229415200869927,3.1538384020128376,2.8170069676592315,5.038562462376429,18.386116264272417
49,52.858966108654236,39.853750430685466,2.9779333571465387,11.537293135168385,5.344797626089505,2.163696327858583,4.642802512442212,6.592952510731008,4.203608562250406,10.952293454905476,4.974487227710521,6.9484890314648995,5.449840633124036,9.20378804051581,5.554810136796403,5.999917011987791,6.143017824603763,2.9923112752593477,2.993762941637851,4.6164576530540185,17.85213798912372
50,49.29254257147911,39.72862888841061,3.028699792883499,11.433485167928295,4.652183562444639,1.880139767570674,4.082591050845114,6.01314387396558,4.439647057340467,10.98016891029302,4.297610698015972,7.077707544526817,5.356237598273555,9.287519141941639,5.912235900598046,6.089177969782425,5.852487328857276,2.595618223308741,2.5475230208086064,4.155802517603286,18.51337349663864
51,52.806013410705226,39.82748586484931,3.2316130524233255,11.10314158095334,4.570387987861386,2.0302683631554284,4.1925872026636695,6.463972357338658,4.283112003192839,10.55805475771407,5.227065887493276,6.92984828146662,5.6038122057765865,9.204275550868058,5.312720052055424,6.053792390838573,5.791886563821896,2.896468801186112,2.9303373347869615,4.829033683425083,17.912650453953844
52,52.72301714440976,39.00147620110642,3.480600644169585,9.485909897098717,3.18179482645973,1.8766100287824972,3.8668684350600526,6.899970888270366,4.1224057665986855,10.657787202781618,5.94217657968013,6.919404470946544,5.743728774571261,9.764149265872655,5.490378411144355,6.103637102042339,5.581454691779759,3.2106612906691105,2.9725347206856787,4.573085681364579,17.802253905576237
53,52.74734917158214,40.47008711067641,3.094433240212819,11.536081964736564,5.154639728053658,1.8638562235358196,3.8540174178812068,6.577921721087255,4.363484101632877,10.480617279485777,5.164249900128791,6.866259404440438,5.599735967330129,9.0485537783953,5.291606186285135,5.9580379459221975,5.607160821649096,3.048864632806483,3.0935249164495984,5.110069451225963,18.060249284594917
54,53.66177272210062,37.519557000935,2.9454892037842395,8.823959916037383,3.276682009398967,2.213484974750376,4.70863500788986,6.3437989554873315,4.236772768688866,11.027231571304478,5.371077749211089,7.034469287542453,5.455043180944631,9.813149594739153,5.8860656257738135,6.368043271001323,6.193895246628764,3.038498674359528,2.82438735268887,4.261192551522716,18.445782252457995
55,52.09980597692229,38.03480524596099,3.0955401258064534,9.321563176525734,3.721991748675093,2.2779514028242565,4.737111970712609,6.449868910061153,4.112149509700153,10.981837961316147,5.509281473106219,7.0030392699840505,5.512137729537019,9.747435391158902,5.835730121286008,6.231335418332215,6.247620618039909,3.058086495549111,2.660124963293047,4.37242204803092,17.89586174901898
56,51.817157509848805,40.52056948311354,3.011380876579057,11.037912393680756,4.303992809492662,1.6895105963375918,3.4878953254400664,6.463464963030486,4.5061894441049795,10.396707110345087,4.6435699889805235,6.988327627706091,5.498373808719916,9.03182199033297,5.3817306317714975,6.154649587307002,5.334423166366155,3.0092576548314725,3.138641894378662,4.877433250682003,18.845592192908903
57,53.22966224963125,40.1510194192479,2.9177473805689873,10.823090454944845,4.102653325933244,1.8046760362813776,3.795498561104386,6.165298877673605,4.586036584625294,10.580079809540436,4.197392671928066,7.101091307957742,5.390961344326435,9.225797597147164,5.52673285331277,6.330338125040498,5.575425719247688,2.8283928836727044,3.0320366573983044,4.362625014178379,19.216546176867112
58,50.75079102106746,39.17661726191697,3.299074225919159,10.805094270769935,4.136763991575587,2.0308288066085587,4.4356968676645785,6.066449646162929,4.319048636757655,11.242096382642558,4.802205809775214,7.088811032248822,5.412294830057628,9.94883310452003,6.245170948166363,6.108730807278611,6.158307114222477,2.5513378774273603,2.5014852434132253,3.7547339674557376,17.63843031529647
59,50.59265496298918,38.29215750134585,3.113744096898596,10.390416177474172,4.078041726954433,1.8055648039918701,4.013181642498271,5.911095196436316,4.20669731254437,11.35677318419891,4.748529664094213,7.042551104778297,5.446836660235146,9.706808482986679,6.113172974399819,6.043831661928275,5.864460779317468,2.9463857319124993,2.6775938946496307,3.9155808697902175,18.227586938333534
60,49.24317689308452,37.993154195658065,3.0620356549477354,9.597876009182444,3.2690728659307644,2.1949017929555583,4.838222800104508,6.246623955423575,4.199158904874811,11.289912277085989,4.519718755817987,7.140723734845622,5.3785923863939304,9.78229152401002,6.160736492561526,6.3025068131174145,6.160413774825776,2.58565970549385,2.321546137341406,3.937837056482616,18.077954790457266
61,52.507236198221996,37.828474760257656,2.857146862940799,9.770283124776933,3.6794701563807872,2.4782273461252595,5.244658680573073,6.501062058847444,4.224075757501819,10.947641178317438,5.230545616439774,7.084409783608478,5.351802022878434,9.48337941104257,5.685141953721094,6.402161972475552,6.497805515469874,2.7959718707770027,2.8031248987520794,4.147802273657834,18.132118490202853
62,50.978564187883215,38.572335513998574,3.1850047331063376,10.206598262376355,3.631144063313448,2.0594462056131944,4.410573468232672,6.5096438299503685,4.188415676952241,11.034143671296164,5.240198644630335,7.0308890485380875,5.492528373516437,9.505624897465236,5.68298348771417,6.142069984567238,6.007947958245942,2.8951867882967157,2.605190562067338,4.240920015377727,18.015453844128906
63,48.32784459638786,38.24370459366364,3.1320540881840113,9.32155549441902,2.723954964048996,2.016796348596541,4.39782848635486,6.53675242765202,4.210343156705795,10.918754634887392,4.4037709623128,7.116057638951806,5.481481043252274,9.515804877727987,5.720233300779947,6.314292683792701,5.732657178325873,2.90549922613938,2.530157491808738,4.250115302103,18.53085248797336
64,49.69815716790462,38.936271999103504,3.0316804250658675,9.79307347261537,3.3640712214560744,2.141596934684294,4.539431767104322,6.505333233060564,4.321846632510122,10.59585158965646,4.963747521685122,7.037044022422375,5.462637210480475,9.322517707809151,5.578451593542363,6.284599274921918,5.877254663818679,2.8012758478241864,2.689125303780343,4.625102671791892,18.27127167224376
65,50.00256271107969,38.17219601702222,2.7678971172534736,9.421124686065975,3.2481086341176515,2.428053625176787,5.204944062535104,6.348992697608863,4.435371255273794,10.869260614290615,4.706213613737179,7.2021078874554165,5.222597214131182,9.404493394307984,5.785862238126778,6.580262306571298,6.438371618180199,2.5440983484500923,2.9493751182264134,3.6966212448462,18.658221309079217
66,49.43837917509392,36.89752824771997,2.8877460447300014,9.00064444512282,3.322741624522775,2.510613273970711,5.485666971227096,6.372494797170403,4.093275072001908,11.564147801066207,5.129527652216355,7.134670480585408,5.312046395304013,9.871530056267163,6.224498487100476,6.344595420561032,6.704393593989778,2.6048885892687914,2.4478551102572044,3.6277024152587427,17.880816528238523
67,47.851377166722486,37.91133986362743,3.3204740831377837,7.870537739887039,1.5199516354150735,2.3546198624698444,4.960757491856153,7.393295372438029,4.028353614311408,10.785033607021944,6.03838293318436,7.030529335524729,5.601062997118131,9.728219896373828,5.64058748260682,6.300443006985924,6.059796298729507,3.2484335869492145,2.6927456985313216,4.37115440050254,17.5890061102534
68,51.26595428984924,39.431007906354196,3.132564532590127,10.86473697506807,4.007355422713072,2.1345775877867657,4.53996537314138,6.513027357715329,4.303923536991463,10.796148704141228,4.944900595285851,7.045980521265258,5.44618419968958,9.354731803762153,5.646138942943463,6.189120038070047,6.036973402313613,2.766697755001628,2.6893593102973963,4.263397642718547,18.16307330700117
69,55.16907356684157,36.366793402702676,2.7132024510794253,8.232501736000515,2.498896607724099,2.5307182267341997,5.784198105066011,6.0726310265483,4.273460792007102,11.89054420209315,4.741017373457916,7.208647542074842,5.193792495561311,10.716037773342943,7.038690777301959,6.72282104247309,6.952366969522453,2.3581402811866967,2.5518363485803244,3.388232150081724,18.520728528966476
70,48.09393978630204,38.5096849426861,2.879803416266299,10.208489975036533,3.530055633204791,2.231531838531612,5.115289805781479,6.2522175717043105,4.294130281615154,11.491169639061951,3.51790617180321,7.2537942717199515,5.19938339407299,9.547975410835905,6.099356217214658,6.317603538831051,6.2482089680771855,2.38120074412532,2.3031722283336205,3.638196277204292,18.49012989775879
71,50.286583302621786,40.77675888104584,2.8742612805080627,12.047465322006618,4.581297965988199,1.7972382327708354,3.883024424200107,5.6317976798114335,4.678872739683733,10.50031173856985,3.158381833231314,7.201241671867468,5.221643329906695,8.846746797023565,5.477955969251871,6.3142728129212005,5.452431621551008,2.1089564425910994,2.677157021937426,4.398769198867043,19.27307838532004
72,50.76907241558859,39.74394439427352,2.8863974608430176,10.86319264460241,4.339858733787206,1.9219155051892514,4.068353056494654,6.341524087162044,4.429498438246623,10.435144248618899,4.427748092149175,6.983669857121997,5.4812871764313895,8.991806107088264,5.483355178751534,6.163855231304888,5.548937360999462,2.8782636369283083,2.7553924365736973,5.0702377947340915,18.87681380258456
73,50.7111094832209,37.29592348532164,2.9100548075612926,8.728601950523517,3.16611911753224,2.1954026189906917,4.668753819651639,6.376312443010551,4.162613680656992,11.230367290986152,5.179764573769524,7.112075617594276,5.3685671502665,9.714725784014016,5.875713341370674,6.356497648401747,6.227324653062826,3.0482978424740197,2.6705965322542826,3.9253722502248496,18.424118046606168
74,51.1377415835308,39.547997288428604,3.0769912162540094,10.331506824190996,4.177115832027212,1.6734926632800629,3.519810133262512,6.298933262383572,4.325989750550802,10.85144430346399,5.000580312108302,6.992342977769162,5.506633720405138,9.230081883420146,5.537844769340637,6.027443831047523,5.470543253472137,3.288780052134284,3.025175140373039,4.501376278711158,18.66043663504194
75,53.60589829011322,36.56492217926528,2.7827642129487846,8.27957559049111,3.0282078962728485,2.363347842340752,5.22275029269161,6.4512906844785425,4.127219597843341,11.679843578236744,4.904747317788363,7.138664510986907,5.335856993102723,10.164080946344571,6.449737056484939,6.514347306578298,6.538966043379229,2.8730395692134447,2.75778169644766,3.7928510795206587,18.509225863671432
76,47.02910191504099,41.09297178423115,3.1549137144352466,11.6088396871545,4.233706130658061,1.9397947929679795,4.2305053637538945,6.124312104403776,4.458374011840599,10.271700783803357,3.405668948314952,7.050048374044183,5.494810230467669,8.827668784328441,5.306234369106323,6.089289882828921,5.283766767499886,2.4065761792458162,2.4473847248945204,5.220902053796874,18.38967817959418
77,52.84990135593944,41.606504904230675,3.409922622993411,13.294038852572294,5.829449942607084,1.8352245557901654,3.8202657586529227,6.41284296447782,4.431333734925735,10.352876106827855,4.276585312922628,6.9670138241136685,5.598800178386332,8.806573619778245,5.038140474925771,5.943501156112559,5.5298672814442025,2.548537686802457,2.7773959885460293,4.882872543234962,17.77363513705634
78,54.15296190600655,39.25630987860752,2.779320471052933,9.349904138004256,2.9803777244826506,1.8068499809591212,3.6696381790597354,6.433058684467672,4.591626243437289,10.098843230309068,5.297654511175725,6.993607096403719,5.5024123222512085,9.212890148745013,5.317018275104531,6.426024854944913,5.331160763526211,3.202453111152872,3.3316102758710167,5.004745966651787,19.60454589021854
79,54.77208262863885,41.07186945752117,2.864547517190701,11.565506938029609,5.080047596007506,2.153381737527404,4.413417838584844,7.2873072109103445,4.429820549403241,10.182905521450753,5.423750104697936,6.838950178916657,5.569258318712292,8.758769137067413,5.10465447767771,6.119658737158744,5.807201625513558,2.9962730243753173,3.6332643313642117,5.439355225759038,18.417373357450163
80,50.80961544570876,39.84727268558678,3.0289050454221775,10.508506653171997,4.447710061551436,1.8272062838248828,3.959366491154154,6.419283822806733,4.321826939799684,11.175352874288608,4.312231799519912,7.06551069322131,5.458507490009516,9.31735436493696,5.722019262584044,6.0777524397909355,5.667622772890136,2.9687248635148284,3.1742814308853475,4.282371499496532,18.385503442471027
81,54.613470651187235,40.63689834838306,3.2603171921825482,11.303764232083749,4.692267928390712,1.8786494561383458,3.671949086313714,6.817896483446908,4.394115745200168,10.052735696442362,6.1359354156913435,6.847846857167534,5.656377019097248,8.913889362493363,4.888983288342706,5.9919831075097765,5.569559999524107,3.3858766623844256,3.3705325353561215,5.092884579891621,18.088860581839437
82,52.72126004446202,39.332855947820015,3.1964921985992305,10.456340786888283,3.8631520019840195,2.1828105794599293,4.592005733229755,6.784494973855902,4.194634786346485,10.809832294858891,5.169269369930281,7.005035320376035,5.536936355173448,9.344751431920864,5.534186675575976,6.19927285838671,5.995617194850005,2.835934901338666,2.8059436131688007,4.651649942251724,18.131298562164883
83,50.23350800413139,37.6561771404073,3.222749286094964,9.32225047689347,3.3851065117568426,2.3078790719575966,5.061521555905608,6.581274109548551,3.9837793065463574,11.596137870803647,5.074397378306205,7.090840257656182,5.420501024507302,9.912489452721713,6.074154360261593,6.230778899012887,6.484990487884826,2.857145329609426,2.4121612542041646,3.7347498519317237,17.74530631311326
84,52.3233365425495,39.58384621268383,2.9800705670665355,10.544114999899925,4.278183075259572,1.8139285623890642,3.724068393626205,6.2287015446515115,4.431918644348047,10.4206807767945,5.0458607026790885,6.949827304149342,5.54239944544713,9.138122110635312,5.413503669779349,6.125833418538182,5.441717454580873,2.986890744085027,3.095882200834669,4.961866715758119,18.685545589424454
85,48.657932830309136,40.199331650424035,3.203375676767239,11.28380552696974,3.782006174775643,1.5578207667171076,3.530685469462088,5.975270127488582,4.393286980160847,10.887851634712208,3.7065128309508046,7.08141877215699,5.464286352784766,9.410808673580881,5.789118126308137,6.023628875266909,5.221809820380517,2.668148451470097,2.3751354346087314,4.456868331610666,18.385332348577524
86,50.90520618125929,37.74960196543252,3.1266697469943394,9.315938109577633,3.368690519081974,2.336639206220591,5.060770411295507,6.559312757070487,4.121755305493993,11.301436554349815,5.1798259267805316,7.077771197181964,5.459946879465262,9.753077766640732,5.906956772854726,6.274809961116029,6.371248072860806,2.7473444583030138,2.5954323460466426,4.018590900569056,17.87570097437389
87,52.151326386962246,39.31877433252096,3.11142014643122,10.197331145359733,3.783086648141484,2.142286286278593,4.514644898639601,6.68480189127459,4.2851741285193015,10.803342419626553,5.080999916520233,7.028109851408449,5.487023286831662,9.32579048581776,5.61364300818261,6.255601190430541,5.981954009110256,2.8840864388631853,2.9406117836609034,4.523136062013804,18.443114509580735
88,53.02911364000426,33.730345363416106,2.851983882431517,6.008489343164786,1.3119290634305942,3.3847958966785496,7.344935929718374,6.91888216779511,3.812023847149497,11.953178587967392,6.175405668609983,7.184273663793257,5.3418983578728865,10.598707875239553,6.528708264994071,6.8443336865375946,7.799416082110157,2.490298695431366,2.49538091303925,3.3113894494236633,17.52691074232796
89,51.568669018716115,38.12509046650295,2.9558100510678305,8.932765378873963,3.342504245756981,1.9635847051365636,4.164834516418211,6.2792391914276084,4.270552388523222,11.153092398724345,5.136518340790164,7.10161712614926,5.40089859152071,9.73663816811767,5.9815158644911905,6.33528206784559,5.887206878842783,2.9312397899283837,2.8642187361413596,4.03241681093757,18.68649562228214
90,53.68737904062027,35.1404268137241,2.7067326418666307,6.640659731117637,2.1717728755851207,2.76882507260277,6.171877787835744,6.552386385038873,3.9816665633643544,11.938800000725662,5.377531517112497,7.137223229359733,5.330644220347807,10.441070050549465,6.620298300210097,6.6453658575507655,7.010626508830996,2.7921100695539676,2.718465773911978,3.622803456733813,18.159623702656003
91,52.73618288359205,39.45315296025076,3.018413248538155,10.899789624653465,4.770590097665677,2.0036135280186667,4.155622840843112,6.267633873620545,4.286022468086664,10.761839864132126,5.003835034101488,7.030650069783238,5.410197292940252,9.157431789209802,5.493042137581169,6.1407746663664105,5.852469639870573,2.8510865241439354,3.0216694737415093,4.436449632366385,18.234498158542678
92,51.568669018716115,38.12509046650295,2.9558100510678305,8.932765378873963,3.342504245756981,1.9635847051365636,4.164834516418211,6.2792391914276084,4.270552388523222,11.153092398724345,5.136518340790164,7.10161712614926,5.40089859152071,9.73663816811767,5.9815158644911905,6.33528206784559,5.887206878842783,2.9312397899283837,2.8642187361413596,4.03241681093757,18.68649562228214
93,51.67914075714647,38.82894603561477,2.792963190933907,9.261009784974192,3.8953310537604415,2.338040285302985,4.8254839424501474,6.666289845988952,4.423269962476293,10.388917243059774,5.274463913526473,6.936997920591982,5.497659913740835,9.101872774661718,5.355354945209941,6.326622682174262,6.069308476186514,2.8612745789541307,3.0803751286705525,5.175153954846758,18.568409829429452
94,53.125255640255176,40.0241307502794,2.936243443889182,10.718669940435925,4.480587323142291,1.8354448285931366,3.7813982472063925,6.178231672462612,4.55492965209312,10.35732989960055,4.960829632125959,6.976473869217891,5.475792097803886,9.13332404435002,5.498768214655289,6.198030279756616,5.518350822440856,2.8227593942690405,3.1225299916011484,4.948495683579792,18.909409323239007
95,46.54761616177775,40.18341189129212,2.9222359195095935,10.223827589636523,3.556765374583046,1.9331662961917444,4.144070603962633,6.226951426371514,4.629494815755068,10.588458269883397,4.027923090813714,7.15221578185492,5.292636697691523,9.138471903301477,5.7962259687902895,6.2750733785400605,5.681411263637393,2.6876128610083883,2.6516924989824844,4.424942980018847,18.97129712118822
96,51.102588187124525,37.91796306285943,3.1548479970160983,9.666366618773633,3.35647200589919,2.2151584127524617,4.865771286481377,6.346374374612678,4.135654784121731,11.315285586242522,4.951378768173432,7.069089657601291,5.454876763183404,9.908569150432442,6.107722958568572,6.231641685564695,6.247504682178978,2.7042500186856304,2.421743650921095,4.003065118989305,17.81484344623697
97,53.69870789645927,38.385387816388494,2.910881189613367,9.406187442612564,3.8619705474193635,2.1871133913231127,4.630208101195662,6.462396947334292,4.318404917525171,10.894124647761423,5.143053409092977,6.995131769491903,5.506653716980655,9.580019260261102,5.781179363758312,6.35098021274735,6.084087133495092,2.898775453858779,3.07615127681605,4.590797193754913,18.62782282110413
98,49.56906954317607,36.875612584894775,3.0953543459580657,8.702930722961534,2.4952541885422113,2.7921602332517255,6.0391835153672355,6.703778467431475,3.9968850743812157,11.534587285272453,5.437118841475276,7.187710382954437,5.323644581506463,9.900216686935735,6.117573768713048,6.468755599015587,6.955304394972908,2.493183167009813,2.347396663006425,3.485639009069856,17.723788805778508
99,52.72126004446202,39.332855947820015,3.1964921985992305,10.456340786888283,3.8631520019840195,2.1828105794599293,4.592005733229755,6.784494973855902,4.194634786346485,10.809832294858891,5.169269369930281,7.005035320376035,5.536936355173448,9.344751431920864,5.534186675575976,6.19927285838671,5.995617194850005,2.835934901338666,2.8059436131688007,4.651649942251724,18.131298562164883
100,51.519716567621465,35.86829570102715,2.780863129330739,7.550091854872865,2.6705964206179527,2.621764325742866,5.925382326765424,6.471688618291582,4.015882475093721,12.093659256304871,4.937019092583106,7.218525528300244,5.249391952657008,10.400508389142848,6.620633485317264,6.5893935385683,6.96024566731465,2.647552582732599,2.7596025874613757,3.2173534044855177,17.96311110334936
101,51.57167030822582,40.00525379470488,2.942783937747443,10.743650822132775,4.169976068689141,1.8040001310427036,3.671377786684231,6.247402194377966,4.513975581063053,10.44958432704443,4.811271915560741,7.060422420646154,5.41148852055326,9.095965503680565,5.415324238467424,6.247901285357621,5.525669864236296,2.8813103788059977,3.059124274320691,4.506187182546138,19.089188223706643
102,49.875195348288955,39.18946593543932,3.7139526988311546,10.988689349656056,3.5909655504230806,1.9482979425402303,4.067783641131934,6.690806985335277,4.05148623608583,10.741945033563105,5.725570514884669,6.935500930538894,5.723998289085055,9.608483117406452,5.530352447722096,5.916822798847641,5.840211760258792,3.163080960503175,2.291343785316158,4.309452748394113,17.20495686768207
103,53.257670307283036,38.85291994325441,2.977153850536471,9.456099280258625,3.6255533552700445,2.1332176437331465,4.48112534424838,6.5055350405811705,4.353514754189506,10.679601094275895,5.085748712601515,7.000079802013759,5.511206195224774,9.401666051944291,5.600569201240611,6.319785383839433,5.915021856902769,2.9467982847295424,3.0266909767390593,4.705982446420459,18.640933825845025
104,52.43303150248358,36.7572512022998,3.013943361384274,8.033289323097225,2.4701012980914947,2.321866638246545,5.031007472333031,6.601126931447733,4.0955850039847315,11.280559530469016,5.490260730221651,7.056637092994519,5.491442911964868,10.161780579579673,6.1493347824733045,6.440640627569908,6.35796595822592,3.064619710484363,2.7421042094113637,3.9885342264861494,18.132969952687713
105,51.90160785950094,39.43651358095195,2.7821075581371417,11.638873983639415,5.591287653408939,2.423820238327717,5.063297249242364,6.34263941302306,4.30564339985138,10.721935216824239,4.705893233019726,7.018217784445993,5.318092974721338,8.893173434216184,5.139464648162178,6.175267569174683,6.46018328433097,2.596995626464716,2.6558190681757035,4.510758190484292,18.066370059545505
106,52.061512981496975,38.10238108317017,2.862984461767972,9.901735531659037,4.311268693890056,2.078152609739444,4.469976437192125,6.146463043787584,4.2498999701177,11.248630230842796,5.017276808151467,7.071759415870928,5.352867183952226,9.71919469323732,6.026617654723297,6.2307956517902,6.192121842969716,2.96868337538313,2.8022029856150175,3.8978325963661176,18.26143372844122
107,53.8669664215355,38.49948591970917,3.185556796764644,10.954392349582427,3.7227282750627277,2.6223462271543188,5.696346666702266,6.757470397848753,4.163142461339147,11.212910847121519,4.968625767388684,7.0722916147765,5.417851108352942,9.613003538220358,5.843034203594741,6.314272038402226,6.7676294774046175,2.3936796232095046,2.40530834649457,4.128774483155649,17.763020704871593
108,48.71189275783688,39.224879621544005,2.8945716813638183,9.924656360072127,3.718004588864941,1.6377743296511347,3.489679344324486,5.825209059053691,4.463635721377156,10.921097599024353,3.99530875671394,7.203521865149984,5.304652712951482,9.297005631540195,5.82099769624428,6.296105716171983,5.391074940040931,2.902560037287982,2.711353048982951,3.959244577829336,19.378831152639414
109,49.111478310955725,36.10772773942994,3.0606827117411135,7.375559284937746,1.6710185041844785,2.275601133821682,5.020367881270893,6.313571913007023,4.066621675920874,11.806677714969082,5.2428714140242745,7.231125975878011,5.309177544987315,10.517292768994515,6.817350890378111,6.5002747572601765,6.494613210999435,2.8852201871603085,2.330026109565731,3.117375209097517,18.407982614773825
110,52.022129530015995,39.12217366848905,2.8830689028864884,10.169094339639441,3.9840964563418924,2.0029727461392994,4.227384676790129,6.215252002890747,4.388550724726973,10.634089933105153,4.790535090235736,7.026696484689239,5.41200531327968,9.240141557332691,5.549465471535953,6.241804404049173,5.769346742633188,2.972382228519822,2.9324024750165405,4.623121234424153,18.725900753938404
111,54.54258746638234,40.02040307645908,2.9003549212918425,11.476690395842889,4.968873266647319,2.288155612563085,4.619357618901888,6.702096168839681,4.439358468900726,10.170762061926101,5.215997335107447,6.940100584936464,5.507124854794074,8.686414927489684,4.890054900847895,6.26566359394562,6.028209573951029,2.7944714003664415,3.223336596324861,5.0767806608895425,18.575492745778234
112,50.80279227288665,37.600170992226744,3.0481497788150955,8.435698264355448,2.3611250786093234,2.1129658574319867,4.432645389972372,6.479139188507454,4.313505740326507,10.731886393198966,5.273028951904569,7.117799081177742,5.478717080392872,9.69104063763699,5.7079409699542145,6.509275382464416,5.926478875339926,3.0482729421104606,2.711054383510736,4.059271697115564,18.85481742006213
113,53.58792166588843,36.73305622962449,3.04196287390309,8.051654527883468,2.4139822946374387,2.730914257146985,5.883131256323211,6.794990311989134,4.096429088820059,11.096180079947592,5.883100983030913,7.032405597549901,5.501212164620324,10.083430717976565,6.070577540756078,6.5205791343838495,6.746274206332516,2.7180357342512957,2.6514887350638006,4.2629526925415355,17.989464184679726
114,51.99085401939657,38.422671516159376,2.9878358846041393,9.645700121851535,3.5494060841333286,2.1435685221503706,4.522515552174066,6.293311725458088,4.3298412072572425,10.70066689745523,5.025305934987485,7.029604345725922,5.48195258572474,9.571036438482915,5.748598179263225,6.347561515041484,5.980989725701253,2.8261823185861794,2.6883101543903614,4.509418201581673,18.410314943151487
115,51.044479010227,39.14408013655875,3.1174897552310945,10.295425960988881,3.8756496266155787,2.0978891707077203,4.381546388531644,6.548515767629106,4.261003507239922,10.73698934156132,5.153437722147506,7.007078466068169,5.496624428029395,9.339839459553808,5.552375186577016,6.1724608323114625,5.935344336227922,2.9443041845503846,2.6755341897925273,4.485200421427237,18.106169984294173
116,55.88547044472841,39.819725163868085,3.1685377024131856,11.316074592971509,4.417492177482854,2.090342531656075,4.161527385392522,6.782654259222431,4.34819582802619,10.155021646324991,5.862487780940485,6.861853911321571,5.65620927027378,9.102856215894553,5.0093704388485145,6.132688162050708,5.824577374130621,3.1456834740337807,3.176707035188805,5.115067585974544,18.255261607999497
117,52.169025397636915,37.44394584835322,3.0767105947637075,9.416894646673505,3.4398930695458176,2.1868542770275794,4.694601129555657,6.2751601643494785,4.164424454097336,11.304480463984623,5.299530065884838,7.0726771746064,5.442107044680879,9.956785371811629,6.1066913671605,6.2950963195027825,6.313139890330757,2.904646062859745,2.6352004321371596,3.74372321865737,18.13624362886772
118,48.64261586510204,39.62530660848773,2.94874572019845,10.106238846154524,3.5618842349833515,1.7770974415123808,3.852965188178484,6.076291121528883,4.489007034589888,10.77536464133523,4.1978018135893835,7.111913868480486,5.375503244008928,9.404094643150676,5.926625910886962,6.241530202847106,5.4954517113680375,2.7831907053850498,2.7744248865046477,4.272705725489847,18.79101945796591
119,51.730353301262554,40.029124765999555,2.73150936472113,11.396213894834379,5.544413268521536,1.6300571661925027,3.376953710187175,5.816958030031409,4.53906585648981,10.261608248955266,4.820434048214878,6.838642697425575,5.513552446916673,8.956213525341962,5.488331687263208,5.902848541875764,5.279055459014399,3.13715780031414,3.056724079643372,5.401503560334739,18.667513259284217
120,52.055136778106444,39.023984581247085,2.662032547467392,11.322431474658327,5.452415182800905,2.231387456464788,4.784725562230688,6.159820675382226,4.354607466205813,10.809514739095357,4.479412978130765,6.983889991653927,5.347425729181687,9.041239341197855,5.5488550934274095,6.128877531909691,6.15746674428044,2.657041065714085,2.826752228656246,4.691999444379987,18.30059504683264
