,INTENSITY,PLEASANTNESS,BAKERY,SWEET,FRUIT,FISH,GARLIC,SPICES,COLD,SOUR,BURNT,ACID,WARM,MUSKY,SWEATY,AMMONIA,DECAYED,WOOD,GRASS,FLOWER,CHEMICAL
176,26.90818113273582,35.44434331930651,4.311324292367415,8.348326988414726,-0.7120096156430122,1.824539340785627,4.6997643150914,6.7284452140201445,3.096971500550275,12.993258867326517,4.154875070404074,7.409464952373708,5.328557448584145,10.81139628845898,7.71613330395067,5.727300130230806,6.105202948963111,3.2392605689069995,0.46330862405997486,1.236466680064395,15.572301131720934
177,28.94872286648848,33.465941229649474,3.077101342358544,6.394514738987482,-0.4629028773719597,1.9046649540835006,5.000300883669439,6.829976231887407,3.510966096244104,13.131536837527534,2.286996048392325,7.668306454165613,4.9570202624061945,10.496001055114021,7.124334758638497,6.375023520971957,5.9339175853420585,3.052339899780172,1.7540006512888606,1.3373923136389285,15.958965673448262
180,37.173587328698375,34.69791551427241,2.8578213616645627,6.121798583524708,-0.6640142401082585,1.9297102269616033,4.482680060539508,5.88534328705823,3.7337601335222743,12.496695324825907,3.2031196340596324,7.5869080024312385,4.972284613077169,10.076837057506935,6.8660858478183115,6.5231772778094665,5.91053064926507,3.2018689668267513,0.990833620828651,2.0873025512186123,19.360352759582895
240,61.08198948043719,41.04647123698476,4.514207933052471,14.291230518383088,6.7735436027912215,1.2781213820187602,2.219192938322351,6.830238144098004,4.450917100739574,8.642736865823395,5.682636099470656,6.756401317219679,6.355076084644175,8.917598565158215,3.7612639434865116,6.2781030279006735,4.377332442149765,2.456240446521903,2.338107615814012,5.436076468993007,18.324910129051034
261,48.764653775566956,36.2017163696772,2.8923545767872296,8.094084368877589,1.8542067080859965,1.6253445018644186,4.436108185054607,5.721167627623764,4.106693520619785,12.808032737893157,2.9583489419599474,7.3913256650832135,5.150343986348555,10.990183030575423,6.986406333873646,6.402918963596534,5.943491284477346,2.7502026235474446,2.4294679552086027,2.140205157054903,18.158731596032652
263,49.874098480656414,38.597533397684714,2.2267728471509995,8.422874927328508,1.6690116585245391,2.192331702537601,4.910783653446728,5.681880950256009,5.059906171755827,10.809987323658191,2.6269166218729296,7.456977840435613,4.928113100125207,9.676963291711303,6.557515289243554,7.180581550647907,5.966089826156491,1.50390208596761,3.1363787703590145,3.5185890994160323,20.760954895078555
264,45.73953192668603,38.765266282998056,3.9494187678970727,10.544344350137806,2.6066728052919075,1.535591477567408,3.935600073511779,5.763427437057228,3.9507760790987447,12.625062561659163,4.389718883265829,7.14324879368797,5.45430508284945,11.514469467268697,8.24335930721952,5.762253752733683,6.1028918013428495,2.4782903000717624,1.187495071248927,2.5766311825541584,16.842598889851132
307,23.054819358517648,34.45893387041011,1.77752317226793,7.3220029139363305,8.088989531138395,2.3406918599383033,4.909149735625093,7.314669417534105,4.509185272809333,10.413388593509055,-0.6204877273215388,7.802979300691077,4.842027821920616,6.658231662312943,5.242755982094025,7.051249123692824,4.775072708816609,2.247177921383823,1.1360327254663556,2.1190034726409896,19.168512075785145
323,57.40243255851118,50.740246729934725,6.149708754691534,22.569474287762148,6.745883420863777,1.3899141775041954,1.53371118776343,7.780189011872999,5.09882936374288,4.67557287839405,6.133380984695151,6.346868777534025,7.0999697159220325,6.374180288055328,1.200689420569688,5.756759799745254,3.098211148302056,2.191129492370308,1.6539455919252735,8.375089237947094,14.731515129854131
326,60.36002449673913,46.72032630256072,3.8036101721617497,15.665116997303073,6.921962306002001,0.8028239124198819,1.1569435181585987,8.476414975554945,5.205042702242153,7.725167589597788,5.074569639672973,6.5050957551881154,6.264709705688798,7.645072141540766,2.6483191944672626,5.929528837765711,3.820221513229157,3.3587231028874385,2.000922116082277,8.6349826585414,18.790234576707377
454,64.24854996257079,37.44753967490854,1.9979260084847459,11.796952503033197,6.663031730021487,1.1905257619294787,2.4404638137792745,4.492828593320816,4.665131964273158,10.125719096032896,5.46791201616881,6.809297288059945,5.2550551228517905,8.971674092960825,4.488308729661185,6.279663842227562,5.39146494980325,4.435127398952332,3.118247458817125,5.053936599198116,19.339017286124687
460,60.340608830895974,43.93012009087016,4.844534761933997,14.200105047471368,2.4301421442136757,1.3651021002887163,2.4934919236933553,7.971693247400964,4.773747103308125,7.522253047166117,7.056705670039108,6.6656208979721,6.365731579334656,7.586329576613309,3.001986269760124,5.874507387443089,4.175916352397778,3.484215418726137,2.2523695500163807,5.914738460790949,20.19512797914274
527,37.90413775266643,33.40747016883043,2.8964089049551776,4.944720965847637,-0.4716246854334827,1.8023967667482381,4.754852860022652,5.974840984942883,3.6394034330112888,13.042782875567724,3.1655743635563027,7.541323659915621,5.067841929943042,11.057429525790099,7.137323080052084,6.479173790343646,5.928311818790661,3.2902707329211367,2.005188747276085,1.6244195458955373,17.816927554561488
798,56.25057097782036,38.208309840316616,4.0089680933586616,4.850090192896744,-1.4564527293824199,1.8295402314129916,1.823247645358748,7.557058756927351,5.154125640668838,4.400735861846357,9.140006796007562,6.737688188640128,6.459426496564236,8.809355089278,3.4601164293773934,7.698961389167055,3.361041329525108,4.996282674970516,1.6195946857825145,5.760768187721983,23.24797418760187
957,59.089741726873115,42.971740603680615,1.5176089858936672,14.634007903309396,7.046881277544458,1.6707957977619756,3.2079708415280663,4.856201907495784,5.8946029965201205,8.296059688759584,4.612113018624321,6.88349273603911,4.97612634510831,7.525446660033452,4.033783418744605,6.717786499182409,5.548482797620153,2.2319381035999015,4.143417685485916,5.977988898041025,21.09464490166033
997,48.861002000962856,36.73215331828746,5.15342954149718,7.180922582835194,-3.96888264451826,1.1715649413921199,2.127099845223256,7.177228785278032,3.6856038699744715,9.154280719179212,9.953662904249875,6.152590396498981,6.9159285383677,11.854278882713515,6.191942116464475,5.775164189860114,4.293496003013843,5.288975998674033,0.46437068108893875,7.185624713253541,14.410783986185606
999,54.828773172939634,35.59668982642225,4.696419791683954,8.089668803633458,-0.516445110394443,1.3044007876845498,2.305487623564332,7.773451354274695,3.9240231492392965,8.981169435924329,8.57534620391943,6.436642604625984,6.6060141990434875,12.201732989655227,7.420686387039268,6.516800309063546,4.337132873416607,4.04078096721846,1.2180335703639873,5.789067235181277,18.04557060763787
1031,39.22971341026101,36.86437387533212,2.3193951209057753,5.697436438483123,-0.03500827952166219,2.3291100952264188,5.282534863074147,6.0924200952692615,4.675913802879435,11.174001013798986,2.850865225462748,7.595967152445928,4.881478673785482,9.936763087630311,6.934241916603071,7.281829645292668,5.956675161015994,1.7449416727976441,2.44771751270895,2.8718728347592686,19.981740674111222
1032,36.41674785789047,36.76190110503214,4.038115823012977,8.483243389911024,1.5708626316537675,1.6776677875166257,4.28802591143878,6.083553584361585,3.5676343819158447,12.977641917741735,4.619994195813931,7.2854791604198565,5.400346222561822,11.190752636468062,7.979607148468375,5.8272083559625525,6.14555548312164,2.8608932788185726,0.8932139088441584,1.667293951395819,16.46114811487388
1060,36.80477692299684,40.70430824894993,5.649104943887969,13.352749919230575,1.411277342771882,1.5304251254390806,3.5459419652320037,6.471809630469213,3.3539360036826906,12.997043669410488,7.541166871111102,6.92954731994862,6.012103755471458,9.198831686580633,5.366185441848529,4.850808840494902,6.155836009533743,3.8597673986045677,0.5928737616335429,2.1707049699252883,13.005521032992249
1068,40.6800178286544,25.50920820601911,1.5288874440608184,-1.785541621368509,-1.8012169243691574,5.385351821298769,12.468091150201133,8.380585891712773,3.0779578303575263,14.901926634954464,4.546845857976798,7.7411536239484295,4.6908425868049495,11.583425504640417,8.270224519943525,7.739808226218032,10.624689940370857,2.0720340450560144,1.554427617094147,0.7486473776269369,16.938413708107078
1140,55.98155600818478,37.81876442025586,2.5843005402888464,5.623706143098332,0.4886035927900707,1.6740302051077052,2.5802399768037105,7.158439701690469,4.974180531139339,7.767102399072002,5.202333888818501,7.129416454372869,5.645087345442037,8.276440828520634,3.760456231846007,7.49156815538213,4.281830987970579,3.6538617195115606,2.184571455226214,5.707869338366005,25.698671699589994
1146,37.66383204332061,34.83139003009464,1.3549207594636705,2.0140798543155256,-1.5868644023883576,1.8781459085097794,4.419738822759058,5.509663188694052,4.639890475860618,11.62945275037201,1.570423187282291,7.712992115822285,4.752668687823048,9.713110628134075,6.069569408816477,7.202067730165761,5.564356537508516,3.2407787452904273,1.933489295299685,2.6990190785128396,23.882661758705495
1183,58.871893375658146,45.667186731803184,6.262834933319968,19.774700905931297,2.528555059419091,0.9903090086625284,2.144133189978845,7.86759122622993,4.055313502225829,8.09059416850306,7.786905510534957,6.308559348962282,6.979384868003689,8.32292971329332,2.6793009949594477,4.7434076583511775,4.0019993335692305,4.479884166328723,2.3895960256451847,6.201652114669435,15.206509392826405
2758,48.53668158205136,58.081646515726305,2.8564348556316608,18.365002368469845,8.576604695971412,0.9097330039054015,0.13623535489922745,6.875642105760907,9.046160506195775,2.236705109460061,0.8777769873082306,6.826334017331908,5.957559206766788,1.849026243245305,-0.415283986045921,6.440725077485778,1.9331855168500027,3.154808967791837,5.38199347154899,11.162390645217975,23.113890185314887
2879,58.02777571223589,42.412657271759116,4.092822190503106,10.693427534826412,1.7084264654614003,1.3574508537220282,2.1590614183018886,8.035554480513039,4.825415226585029,7.718194880157952,6.038526833415439,6.866909589373398,6.009059874492544,9.16723600226922,4.340674318700138,6.656759122777418,4.489096709009075,3.3377252202696184,1.9253879166680914,5.973014984863748,21.36824394055259
2969,47.396363048262174,35.918318074088404,2.118504006518511,7.457842998481226,3.1221300841825723,1.0167794538215489,1.8531986701336507,3.99333877503215,4.332624404908465,9.506118957192996,8.627752021433125,6.3840805741882605,5.445321171105779,11.093403938348587,6.770371643592284,5.78970408493622,5.332759715110072,5.657379760306753,1.234281051252454,5.5277523270709805,17.19537010408135
3314,58.33920509895688,46.61222770620883,4.603147629586149,14.279617229957864,1.4025848694250271,0.9990074514536929,2.0000061083188143,9.522833954887684,4.649460600104469,7.49354445701637,7.096752072674207,6.3457856434654065,6.568499606522566,8.217933055394553,3.072648253705694,5.474457542581831,3.4927244324290996,4.430131059454503,3.635247993023407,7.625111473069235,18.58899227092047
3776,29.36251527028429,40.20085037778705,2.5169698099297166,7.043865026508456,0.549008276204006,2.219952598830602,4.640172800155256,5.489972126922453,4.9431142373508905,9.553528857688036,2.2617118342489064,7.634047168696474,4.867765491415801,8.248479707733225,5.498689132369918,6.96948367152709,5.107006846110096,1.779097273377559,2.1488802877648165,4.157823054467754,19.94571778089656
4133,56.90300202041266,45.71489096384141,5.507091104491269,18.94098750608913,5.828693087548174,1.122542839219463,2.231051300962477,7.6978204434588555,4.80420854312348,8.126057971911635,5.794330658360153,6.3399792350121285,6.710869114332257,7.396419187001214,3.025075448568856,4.954871512326617,4.116745673841805,3.305121830237134,2.2888722565870356,6.444859241609033,16.29700230112283
5634,44.22753896102216,34.7554046316593,2.1689739957819727,4.545530457785674,1.2891141046321195,0.9426541403975008,2.178899610974426,4.430931763454623,3.9090320105153964,9.941259883988167,9.354569405319936,6.203068140119662,5.725198204749837,12.295341892056541,7.4994259988752106,5.652144533923719,4.962661307528748,5.509172406686204,1.7132230846651009,5.901807991949187,15.817123574922846
6054,60.294993499110205,43.5702003689633,3.6551194670735443,12.972767458475687,4.683980098055372,1.6946101197055867,2.4145262035765,7.176107465350494,5.511166318140425,6.737485307687294,6.336618764053469,6.693685317519452,6.201168816988018,7.52419171288912,3.5824822474606037,6.862425370453568,4.124681076962844,2.3787569864485363,3.865938926626134,6.854410395700024,21.78081913373967
6184,63.335912850946215,36.759891529070444,2.5070177565009866,9.83893157777294,4.142631422479951,1.4157743576763053,3.2440232050113735,4.921117460457523,4.283274246656077,11.460518733514789,4.30578866170174,7.084995646179492,5.244528653340493,10.381861680180265,5.9108302534778545,6.457611840424811,5.713053527216218,3.7192517182702645,2.7011559845718462,4.076022002061612,19.314262237643362
6276,56.91933400127442,38.910944467639894,2.0441384832396254,9.570265044235668,2.5999628786352105,2.0914380814178557,4.550690546997188,5.405509451820478,5.1674319647146945,10.237802529158998,3.215067335786948,7.308141024911842,4.956501557807789,9.521785265490792,6.129419479190062,7.213609097407707,5.923785502307965,1.8280965435990595,3.182562658000373,4.499547802862799,21.390091360198085
6448,52.426178999849355,48.8481114718721,3.5282182499111405,14.727691696975512,5.675697352128907,0.6392611779359285,0.9974930594962785,7.20235571828842,7.20095039267386,6.388517167996795,3.0172415208426955,6.360286873461552,6.4655669841492704,7.112593652994832,2.794775775622014,5.544494039542504,2.968112203019899,3.322930614628966,6.428758765020442,6.4710502472990035,19.281708468827304
6501,47.88622802681891,51.22001034725581,4.728579848925583,20.899606088315238,9.510880899822325,0.8378962740456188,1.469433262581461,6.231680990219335,5.188087352655373,6.559039352133311,3.7592950436500487,6.03328362043553,7.1094163140873565,7.1178991456124265,3.1148600871135557,4.766391706574948,2.2858930553059054,2.78204864020676,4.582458693372102,10.426623291179673,15.98970944808309
6544,62.97552727783551,49.058396764532745,3.5424306412622952,16.09486694852717,5.786332728100774,1.006007214688104,1.441037699826822,7.3050043657100225,6.541082838770151,7.911580473952526,4.3941621087643625,6.781837295980514,5.982090956984449,6.7255392371469895,2.791667634148922,5.8989872157088366,4.346109304603317,3.9979845431050123,4.527442434499408,6.459675368528017,21.103566191069064
6549,55.81414569971537,50.40719075703552,2.539660191576867,14.344289572885316,10.208473885886235,1.1752156038187138,1.6652739842739805,7.7755184549632155,5.829305253906519,8.128591401620284,4.726100590548086,6.6497135457018395,5.616973852916342,5.416502358519637,2.020798471201232,5.696030877131241,4.108037025727114,3.2127764404801766,6.037996030857107,8.652145635653454,19.542611090447338
6561,42.24799047622179,35.928689155541264,2.88325755521407,6.524118003879664,1.7226174780413999,1.4675097107586552,3.600166545808051,5.644948906578627,4.087060552974478,12.548839970199111,4.023815999023995,7.432624522216869,5.20170320525804,10.794776129020846,6.635598143434294,6.378522175960631,5.825890820523696,3.3878249380595165,2.209342999949614,1.8633402481308776,18.56101749009875
6569,47.91585036763746,35.47139394143224,2.6706369999670807,7.41444510101536,1.6333182124041628,1.7955641877073845,4.078140187854615,5.55604759622836,4.104818132115028,12.044487643198067,3.6425138490199487,7.459255296348394,5.003032756466613,9.978470697717427,6.683846895131751,6.560669654142701,5.902766969862384,3.271655749263182,1.5194883014983933,2.516371525574761,20.657234436250747
6584,45.532769988723544,40.28828566588794,3.813662934042134,13.633216471853416,4.948497554004177,1.8645641192687208,4.38618742904373,6.012692220541027,3.6846150428135402,12.479442110475759,2.6041739110368596,7.311469004773151,5.292848696933772,8.919963135654854,5.988332497326638,5.582908517313404,5.839374032111024,1.866907211966634,1.4186099119489182,3.046664551024924,17.555456295072275
6590,40.51733074160836,38.279308106946445,3.868750381368822,9.177956934377619,3.3432401812531793,1.4269942674995875,3.414482392872202,5.5125359245498124,4.122336137788572,12.683599316486237,4.59162345605688,7.1822458518260754,5.53864771687037,10.976863907077558,7.521203728553473,5.803276336462611,6.011784810314353,2.9274694002779498,1.7275836142575312,2.234281084031095,17.372085109253447
6654,60.995297407694466,39.444274062895516,1.9082517424053806,2.4100275491061325,-1.5665751202262754,1.1914773227050333,0.8790985191404275,8.672366709965818,7.071443470886592,5.420781914619241,6.716542200246941,6.953199886380569,5.786472938969295,7.06257548253177,3.1845662869839657,7.851261558640334,3.3933043899530873,6.829873140735604,4.784844898984156,5.985264470259113,27.163794464092916
6736,56.34878390576074,38.0185164342021,3.8644771707684376,3.8723661549027497,-3.7215361768813864,1.704576333959281,1.696120317157579,7.959438955666684,5.309508829204461,4.0529432085221515,9.71899623790901,6.6690391493116685,6.458952682444837,9.035848334443614,3.473500100003804,7.6532976853487895,3.1524981817073865,6.151031357005465,1.9607296874792315,5.603256259679317,24.001169952369565
6982,61.67682969279116,32.83123602801689,3.941830741752937,-1.1314850939255052,-6.5274605255417555,2.89475923743656,6.472315657572153,9.71674848227573,4.337501264927894,8.937049838367557,12.316274973344726,6.390458787509012,6.405936284499633,11.776863463219541,5.414982658242906,6.590805060059147,6.508806741319134,6.760892890934397,3.761583197267244,4.199508907153038,19.6387420341392
6989,57.98557316709571,44.53789849452326,3.3341917190699624,10.318842272622078,2.155731057886044,0.878839804392122,1.7104315582744647,9.291573955222297,6.219752121496256,7.178129125104789,5.566286576814186,6.636721079616365,5.969418471318567,7.856354515000277,3.503174785126788,6.34580453832336,3.8436311096264006,4.291043677740504,3.202053928038131,6.255899439013819,22.91419146918244
7059,56.20928719516047,46.032889332427885,4.584310278524451,13.34866005802536,3.036943849050715,1.0897720343349633,0.8460442143154694,8.177489976513659,5.6939945481154055,3.8245834037617215,6.816660811472531,6.514896675494823,6.586603637653344,7.67370896888724,1.9353452781276985,6.698030764442108,2.8685648806321637,4.411240447626426,2.5009246021665756,6.978800075149702,20.54159974142115
7119,55.31092517957774,50.38301543979546,4.248662120049469,19.37170325501512,5.59706744537084,1.208431820183506,0.9168852597701829,8.525377620201233,6.113693434220664,3.155007035538418,4.834869568965445,6.365672358381487,6.679380297797083,5.091250765893136,0.4222598399349238,6.45084992565214,2.2950266464783198,2.1364902496741323,1.8706654412527843,9.841824558937176,22.449837563235036
7150,59.22462436771701,46.56210567231619,4.59815056453293,19.048555382147242,9.03453757277498,1.3173744312607951,1.9409985396728473,6.723284704728282,4.7624595783792,7.672377043563614,4.829963940709675,6.5017730933314475,6.41894517790871,6.733927714654357,2.299472364246782,5.428977162029195,4.026945340703861,2.3362737232123223,2.5535544311437253,7.302447898469423,18.317721318531966
7165,54.992120523181086,49.58889903596932,4.349953984193788,20.651850379298708,10.048309440132527,1.2379685364025406,1.7486039705131873,6.332743862152135,5.132062846661903,6.595765056342572,4.1295554341363925,6.427037696169112,6.344898952365998,5.551919962041154,1.6768060491993708,5.150183099210662,3.4791805492219936,2.141047237635455,2.5698054458839987,8.863851438646265,18.1060324769538
7344,51.27860256670044,42.921827008461264,4.372800499777067,14.59439231220614,5.400118803747148,1.8736867270400097,3.1789823885856805,4.596657962472694,4.199728092297654,9.672965950673046,5.754476258106791,6.80987465060856,5.7763655620202545,7.72440455716233,4.913966572842185,5.366296673249605,5.042800338333706,2.6782603585582976,2.8105669914162466,5.9580749953589835,16.147770944826846
7363,64.7694662363121,24.067693511712463,3.9106480623894013,-1.2869260115121506,-3.082168199929754,5.207040384920532,9.77247892809352,8.692310608417749,2.468949992573968,11.872923946022752,16.08155047006587,6.886880357622875,6.0749592812822,13.143319005394602,6.512764345233535,7.350087456250124,10.424531782692796,3.6287759366634518,2.069264103134925,2.001954040855547,13.891568425419052
7410,62.95112328153908,43.91409783820865,4.202012409126692,14.446333684077501,5.705343100257153,1.301176473681167,1.9636454282493645,6.868039385259852,5.056476955771231,7.786428047013473,6.011300545213544,6.69233189075972,6.2675285087427275,7.623212993899671,2.9233849665646687,6.19519420549989,4.222091146907857,3.198338396773046,2.553241763632302,6.291850792274121,20.694767708031264
7460,58.600724144731146,39.63789089813906,1.7836340668574193,7.739405223264328,2.5561477370726493,1.1555012175704036,0.9703827173461264,7.612697782689466,5.915174121045531,6.250118677605158,5.985433380187665,6.890292438780013,5.534286811353838,6.605293517748606,2.7311098977965855,7.186498555870391,3.752048451734936,5.924465325415824,4.87395749007486,6.065256051566947,24.334144716930865
7519,59.056655006186986,44.55111635827441,3.568363532027095,14.077462092113478,5.0245854521051,1.6320356307182493,2.4515239484478144,7.482705382760898,4.910171295825975,7.502469555872665,4.7523568418268525,6.872153151489519,5.983035756327453,6.552726335912581,2.383187318212862,6.401234386402,4.047661426302113,2.4205193937511993,2.6642612437211053,6.79495621929524,22.569001362611374
7583,49.9518947825548,48.31911324768805,3.77172961140461,13.8023404124242,4.010689640045598,1.174367950651991,1.0013666060928585,7.499478412724599,5.4555850849408785,4.2297979779174,4.881671179065819,6.20531313810549,6.835727300580649,4.973806617802921,0.4136298234164144,6.182231473295216,2.11535131881881,2.2440558673341187,2.579300560765228,10.575155198646069,21.68431479989073
7590,53.70709710272325,41.68260522478141,3.475358043909025,12.503243888990426,5.048122010323084,1.3218007676673764,1.5469173830348382,6.4581508524237385,4.64043634494265,6.892935536313161,6.113553978838155,6.307560466351406,6.283264137960491,8.868312705187037,5.066774532732154,6.053370614802695,3.4475402645786772,3.3540871520579216,2.0979328263536434,9.178908129464428,18.869277257472618
7600,43.63433495133779,37.66903256701872,2.2663636524689847,4.388094155570684,0.5621724834646216,1.0157208827230733,1.294150868862232,5.665260008734506,4.4438909786662535,7.364230520690697,7.060239629502085,6.091197664981678,6.190229087953422,11.174789823034217,6.708927435971759,5.916420419796564,3.1344833632732048,4.97836985816005,2.4684795333598704,9.175898014895179,18.776697136637637
7632,50.6071244890241,51.55731619839375,2.955172464425167,14.266073112070728,6.153652961715295,1.2409721429317173,1.1385349192957932,7.118664042578047,6.0556741341831,4.556161539976117,4.783107751761975,6.437955667952725,6.128742271453882,5.482482602374972,1.826479666508277,6.287837769427874,2.875896281409382,2.699702742704794,3.681041929744902,11.549655034384202,21.150205575828608
7685,51.237698415355,40.56335277522183,3.273615563656292,11.217667631879806,2.9235442363969355,1.1500999453561604,1.2067235628846618,6.726047586769894,4.605241844528706,6.973545908874343,6.2048377133315,6.283250890548323,6.234146400223381,7.734748608772378,3.383493216367043,5.72555526794318,3.513017946538696,4.959378054433266,2.6030436231045275,8.039263561231639,19.630872403501286
7710,57.25326379235213,40.55740594571685,3.089115304201674,15.744580901911945,6.132282734974353,1.3288536583988773,2.0693952663273762,4.7231011224624595,4.811650184861101,7.103207340545467,7.052782776769263,6.540326949647243,5.811437673927588,8.110991885806527,3.861612166249188,5.930249290559219,3.9396304254641876,3.978973679887389,2.631756675856389,6.693255423531897,19.00534907962495
7714,49.906061157559066,38.73496310454547,2.36017810688993,12.213840452997658,4.154437925922309,1.158929492851108,1.7023268645652792,4.028545436368532,4.771224467086753,6.617067311135472,8.594478209848738,6.326909974967513,5.737302299508659,8.999527187844052,4.291333567543319,5.874422853699084,3.6500461941580653,4.835827518047914,3.091272407780183,6.702782704948247,18.47020586146118
7731,59.622672123892414,47.64248478263474,3.440247787183959,17.053900086465603,6.467283906142882,1.4814078666531856,1.8843830911393695,7.966840137695417,5.282910916366632,6.741783169863524,4.50434105668468,6.785115259555374,5.906196436472436,5.623616408750394,1.6212584000139998,6.225774952776915,3.8508469581072973,2.8002597172523807,2.815813841661834,7.709519841381179,22.76570898632471
7749,54.68290549449779,45.91872208387235,3.462309404238572,19.266218174827316,10.854739873603478,1.6088839099180348,3.25656224397153,4.899167445114678,4.672098868270297,10.46100194497484,1.6682983775551499,7.072746895156683,5.271654934584264,7.046224692302474,4.436926862229171,5.2740326629700345,5.2744071600570805,1.5047724344697997,2.46253082196416,5.354161138704913,18.23906642752175
7762,57.2150665122615,47.024358694009294,3.241829418104339,21.935410551228188,12.948980181334036,1.4775085663510197,2.9474933287513636,4.849997362650072,5.076990158102156,9.872979678748464,1.6586177326839326,6.948528633974274,5.256236011942252,6.395088375077449,4.0127297579973344,5.113193069690965,5.128576717936966,1.4071347509671668,2.775118094697026,5.809547916169712,18.4285218348478
7770,57.68976333946409,47.37110652312843,2.918619988410142,23.451145653159813,14.626857228341578,1.3557914080715463,2.4594914008361854,4.744690420462312,5.25142995762274,9.42569949273431,1.8317821445303295,6.830540018790975,5.20936599622743,6.018060727922801,3.633858379156351,4.987694876269128,5.111501369454558,1.581245274471847,3.203809909141727,5.937535967228761,18.437393612937854
7793,61.14577931855791,45.77039911436668,2.0503519461642297,14.84786092451668,10.470298779631321,1.2423460516660043,1.7430615335121757,6.811086625991209,5.369621511401846,8.680525511348137,5.491731876959058,6.6395328161821645,5.5885230480507415,6.681854736467756,3.711918921313014,5.9437859160503095,4.521054531509563,3.3928341641160316,6.087492517224883,7.020443724619226,20.93644539876874
7799,50.84101279454438,48.97210939056474,2.163586182870758,23.879850302812144,15.141081741223786,1.046219511456755,1.7256518033498622,4.480190443709294,5.366467825726147,8.080331003793987,3.310994826622597,6.465849660320286,5.233138413652265,5.614416094641001,2.8884480257304688,4.681778199211653,4.582490361909606,2.533937345805789,2.7597672308732353,7.682682714149286,17.36881389147615
7848,44.96057971793579,24.279311375766554,1.672450129321434,-3.184902168059864,-3.6320114604913556,5.277467121136688,11.488588412659126,8.083224456695778,3.2504366886534655,14.402920868967527,9.312385166844237,7.595967152445928,4.867012506401222,13.531114250604276,8.2238901459273,7.88134579905395,11.274366329694118,2.363516135419424,1.8157294998448439,1.1658524212782977,14.884396992276749
7888,55.29786582778479,41.25245973936717,2.5610744431269667,9.105850045134389,5.064089602593413,1.05626212899584,1.4889444318781244,5.380798787306116,5.060372735739811,8.720609082114862,7.644458705444592,6.409136086937256,5.83546374744983,8.610299918570604,4.974314151963739,5.84366168138863,4.36161604975446,4.191173080922582,4.136675097598493,7.9198387605085605,16.52396818248465
7895,56.08463586334517,36.77976871193786,2.5491289587191615,9.394369617787447,3.30164626945583,1.6639573117133324,3.5121044182185273,5.229613026359509,4.384396249577179,11.439494345684835,3.91333252837849,7.309802085276706,5.054705958756179,9.755924665392342,6.324231114840956,6.533590677059797,5.815740441516169,3.3795622435534654,1.956152378158455,3.3056180081394357,21.195850826308373
7921,54.12642171853514,47.03778725928882,4.59095141664926,17.51352034645845,6.1845760898481785,1.639565844167457,3.014342118613584,5.422360427470725,5.0611474933857465,8.814774356971327,4.786728844255201,7.014072809653793,5.8837466950961135,7.201425143155575,4.173697497342943,5.644087579136352,4.488960025369892,1.8551921791622803,2.34651059076643,5.565597743501232,17.379205796119123
7966,56.367718106297275,41.21151096147722,2.6606620169488666,8.488277698188597,1.3657751365541344,2.0559027601327244,3.3554015953694574,5.385735343199521,6.179348008075927,6.924881658163159,6.564595059002876,7.170948791454256,5.5573856202462,7.583585016061164,4.523552500433084,7.607911455819448,4.893837804853717,3.085744849541534,2.756099474347197,5.7663462865893385,22.800599235643602
7991,52.22203237297856,40.406087316982706,3.793752629141358,12.673955696469136,4.569434200750209,1.3998404329305671,3.5379756501072706,5.553810746978421,4.091188385845683,12.154095579322444,4.120018813990505,6.9983189779489585,5.492621846068908,11.452511655948854,7.973647165734548,5.653413465878009,5.991563724145493,2.5526094648547044,1.3554477623580556,3.496679332186221,17.062402575213554
8025,42.11011914375325,40.17562221196491,3.8804117346492353,12.505161873204997,4.461029191848695,1.7658043353860933,4.604508129736885,5.594691420312035,3.675305841941288,12.365153989632873,2.076507875431389,7.26084446607654,5.411470947174095,9.932401813486962,6.377272474170468,5.6540915703905945,5.429669301600924,1.4836501751408875,1.4264153519968392,3.8421823559498263,15.935831533062128
8030,53.657318839281174,27.453267207842345,3.1406881951382912,1.2364698727373593,0.2609885315395104,5.23482553185454,10.931459538470136,8.94559072384251,2.8841963233526897,12.100093425515553,8.838474533189626,7.3015545602826695,5.560098389224491,10.889884641081977,6.0318398919554,7.577226575254334,9.92800073206206,2.1606176460463544,1.602672176636739,1.989102547502159,17.156621062681893
8048,42.7235712425076,47.28495388369289,1.5546649379050796,19.872546524384177,11.364360296305847,0.8783053750728556,1.6707364292666114,3.9058493683170994,5.448644169897705,7.778527934715726,4.72531156585903,6.262664782386819,5.223502730205196,6.4246462610173865,3.452624090855352,4.573713778985587,4.391079907097932,3.276555478110218,2.9819075802553865,7.103552813006945,16.661188648288658
8051,63.836526131927144,38.95355104068091,2.1702571345215675,12.95822302114101,7.066847525989374,1.4194234599210773,2.547547599334436,4.810091690194234,4.718843501988815,10.088846542889613,4.528316515194774,7.007883762707453,5.109076877085756,8.568065650710793,5.038263762716156,6.345030147351519,5.519850308427948,3.8300024057931097,2.206316703243692,5.152273258475449,21.41149108198809
8063,57.64660088822683,35.44783463172516,2.6873016609395526,7.994529890223021,2.178742124700875,1.5416117728512617,3.782291413229885,5.223120310141603,4.154564590018381,12.16540322457547,3.919191680907204,7.236005023340382,5.217211508420004,10.99607521059491,6.678274365661878,6.515879648664201,5.825994438560826,3.48072060724936,2.887298512862186,2.801811532850503,19.178183035991168
8091,56.7106760229467,46.843034159697254,2.414303782621892,22.778801920321428,13.924885073662438,1.109940298728965,1.8892094605116654,4.838579892535385,4.975536805703584,9.020416061416725,4.184952603563069,6.5396742269091375,5.3291039790279,6.409336311565312,3.206270768162966,4.962201843586605,5.097605692479576,2.698478946183151,2.55886170499325,6.909636650413815,17.616916425159445
8103,59.8899960416889,39.25036055302988,1.8442868663635705,10.780654050255123,3.417806656699099,1.968657820510849,4.079807523050789,5.210911513031171,5.313185493308261,9.60361422767889,4.1629922074815084,7.15991549993082,4.967995273503337,9.1240224166867,5.674245043493073,7.143742658140582,5.813991063891919,1.9810911099848525,3.5899479819290736,4.889485625585027,21.627232972714324
8118,60.133765322593774,34.32594370207369,1.148024605391746,7.59005675229497,5.500907422203909,4.769358110841694,9.951141737400803,6.978617511218182,4.2677859391197615,11.432732064551416,5.048224627472678,7.256365084792212,4.6086858277950205,9.201545792767632,5.662130823678098,7.35460857589248,9.800711993615508,2.7620677334177586,2.718059167762201,4.64653277469307,19.351018300162906
8129,60.658174318038334,42.582477976156554,1.7571576147130967,14.502747698435599,6.473725005032406,1.789354174344652,3.546704780028435,5.115371327371612,5.748362720863497,8.853102072223024,3.967296304919522,7.017646143785335,4.975104639343719,7.772956032971592,4.56092774983469,6.83275532706775,5.69196791547121,1.7136631940311773,4.029602692542012,5.637163705500753,21.237953639310035
8130,64.98042060634344,37.40761154169675,2.2857117462013425,11.686124242522567,5.392809699402164,1.2983603170257823,2.8675834728301766,4.813763252146018,4.518868899703108,10.747770046462776,4.796717698164649,6.942371267552673,5.264859756584875,9.522890877452397,5.133330029204558,6.301717654129742,5.5227953227894915,3.7824978006085956,3.3687381154682097,4.455246931711819,19.505178559552206
8148,48.89435920876008,41.89438554642706,0.4005779596296781,13.098067869853423,8.391668695022474,1.5744287993159318,2.5438615433293847,3.711450132149192,5.949148435430416,7.287622177493191,2.0312580614038787,7.0349985329224625,4.604197098774193,6.93867250252714,4.2839120242933575,6.719974883293739,4.987220878522038,2.865786701053736,4.361076202490112,6.964870148151161,22.986717712392135
8186,53.67649543946703,41.458346904525655,1.3491913763204044,13.51871609467213,7.396562322512068,0.785791876598303,1.9227109485669303,4.133078564369129,5.396666944359438,8.9651575884766,5.5554335791163325,6.463623172398393,5.212835599536788,7.833035819829377,3.5783800191677813,5.6141061281555835,4.927546437260801,4.3798699612673815,3.8950461864545094,5.404684362569394,17.89378654698001
8635,57.312597256101355,46.002920550803765,5.006529226795807,19.291809626982797,8.185328688419702,1.6094585734566849,2.5808079733297546,6.853379956403451,4.771317874407828,7.2169023817397715,6.046532383832414,6.390934690054025,6.6295385818853925,7.276952530126749,2.810937221418783,5.349428802824287,4.4377321094970625,3.7102946134958827,3.059035209421241,7.261127210869881,15.314399013909878
8797,58.19243181453521,48.9402243614166,4.580264105005045,22.43175927942019,8.274913956258217,1.2210293693426166,1.7252432824681136,7.8340622300190255,4.977693181681246,7.43037203855738,3.8337014777919904,6.4088887322143835,6.3376332805257185,6.0024265189532855,2.3581819780364413,5.210544517596641,3.8661626751839435,2.4174378426535057,2.607798625342676,7.585972322252288,17.874046756660476
8842,61.147197391372,39.17753436936093,1.7150327996058587,8.650079555817626,6.279214855295152,1.4019969736705917,1.7438412410660789,6.41504363860404,4.825390939459403,8.680387558253926,7.50322836474588,6.6395328161821645,5.588634278994794,8.045577757073659,4.661073898465531,6.47693057818115,4.520890753580176,4.741989872188732,5.586681917457833,6.8950661424889,22.020351695633735
8857,50.493466185092075,44.457281391407605,3.8152666965407223,16.877282615641434,7.738575604943378,1.7506495328364977,3.7735256831147836,5.157662763193773,4.1895164668452765,11.124028016666045,2.0348353749304096,7.1822458518260754,5.329855248649415,8.06401930528395,5.367208236548663,5.3999469630829235,5.359161022041491,1.4808720333504937,1.924028356349618,4.714693221641336,17.639259283483085
8892,55.03201346081386,42.04273455321132,3.5988324940700887,14.61856336311945,6.138692809583176,1.2727941726647032,3.0371037671580297,5.321373736026963,4.24951170900853,11.460443063532153,4.601651978670354,6.85851097401645,5.501772540159344,10.940967272517696,7.353758189719201,5.534539517946281,5.8647942632402135,2.4742826792836965,1.3114455296159608,4.633893754196847,16.998566909515006
8918,45.90627814877695,46.61137380023426,1.951443803856658,19.660627047748847,11.130254994289885,0.9586217465458589,1.6373972526570384,3.859918434037027,5.166521625653488,8.289324752242834,5.234757152560356,6.313383596937965,5.331558843514005,6.421376196213231,3.399373246790333,4.718741300858392,4.640258333876176,3.179776932204142,2.782431244305842,6.896580231999301,16.393422269379272
9609,50.71321273830256,32.838482862938775,1.4928061476099197,5.660608443231297,3.1233392291165387,5.068585682377375,11.351538809284222,7.170212585228239,3.9736377846493625,12.339056054642654,3.1971601196536312,7.535922787561424,4.599861788715852,10.001141844169808,6.633281814834248,7.524561847405545,9.749129782834189,1.6185979383361584,2.188471556871347,3.7561333729112567,18.366332592610746
10430,48.60275636362661,40.064050270218644,3.799785764614964,9.411303337580762,2.379621261287525,1.2985830073947255,3.2195511097083624,5.8903831697972,4.560849893449756,12.511940139329141,4.440969544321504,7.0303699828237844,5.634913172379641,12.060695341364948,8.688671524097373,5.816179401993246,5.9028767465774195,2.6429526023662433,2.103364742245935,3.1008878739244876,17.426602610943007
10448,66.2583387102299,30.680259244132543,2.7441405317314382,5.75142180990224,1.5749305820876884,5.264995561055727,11.871033315398876,7.866078942928343,3.3170295038552595,13.243869107020203,8.668276671939033,7.128281829128511,5.22454517618855,11.620503528789868,7.837757926715909,7.4086883043803775,10.679834993716668,1.3933692915487583,2.4196940751930445,2.5583726195531353,15.941842972576637
10560,48.02983420426352,27.902906074240974,1.7101207057270988,0.6653206190043193,-0.33308642351892104,5.032201944530804,10.378246269595394,7.482213902939545,3.6812126691374303,12.727620445903256,8.914812500120355,7.51491616534755,4.871421752142236,11.83531029662413,6.534323781361337,7.632376906551073,10.528570766674761,2.736136177227941,2.031824011437015,2.5107649261573632,16.19222711020862
10722,64.04568880246228,42.86102808002849,4.561474952945884,15.379870591985537,5.6192848458585445,1.1195730077438668,1.9300854449360543,7.157873942376657,4.903149645698377,8.069216606780557,6.310247867444964,6.69233189075972,6.416055889929698,8.195365567954468,3.08692427337391,6.103147264604971,4.1495127877158495,3.669988553249695,2.921337110692983,5.507111920199416,19.656479628985863
10821,58.68358049512085,37.103393174641724,3.4945485232383193,5.330889113402293,0.9870952650930462,1.5448439082583576,2.70488525966546,8.305103975930145,4.297620600919728,8.009929077891599,8.039833927645304,6.84400798484676,6.107650875498045,9.557409939818768,4.0075738054861745,7.135699491141595,3.7601091538962663,3.653278915497012,2.513239995553251,5.925713026776569,22.710554874402078
10882,57.93387117169539,47.908312489322725,2.979180597561311,23.85736555765976,15.161360683025407,1.3557914080715463,2.4924697469696326,4.71526079565691,5.1869272427718585,9.347746312021442,1.7572072614470144,6.8209807307784,5.243969614423726,6.135387376482299,3.7560456130828186,5.011620490438933,4.996165861700106,1.5496628650484965,2.990080043016304,6.32805586463851,18.30313642163628
10890,54.04042440930442,48.419363912900224,2.382398441728827,24.716147154492262,15.686509528499698,1.140603121691612,1.9831111662440577,4.547014162108251,5.47405041237036,8.51996792697443,2.4210011819554467,6.594968335170243,5.182978238845324,5.4655848566104055,3.045505906263571,4.678207065349627,4.804114049347191,1.9238808858169278,3.370246600665462,6.795474419689859,17.83445607905051
10976,57.711209580515344,43.12161138918589,1.7503348658061286,14.487600807195747,7.22866139136903,1.754517920367661,2.6368122269925465,4.928827372152092,5.77890668841502,7.670439834416044,4.06042619207723,7.0747664332185165,4.940556512602149,6.705972064493096,3.6569528430497655,6.8264571401315415,5.064551394651602,2.691047270063457,3.731231635865294,6.835562979143982,22.311685543490313
11002,59.877091837158616,32.902684828372884,0.5630449200549341,6.848691613530889,6.703848132252517,4.565671704069025,8.868729777937205,6.421955532087072,4.401526086093504,10.167427580245999,7.331691571657252,6.978924396570987,4.6013318544671336,8.712224530842406,4.9803873787018915,7.349549851256614,9.545070676332386,4.126225067385228,2.731327029165156,5.763184248262717,19.5522906087148
11124,51.91373755641024,41.78947514771235,3.5268616693787704,15.326659589824033,7.711105480161564,1.7169635719290426,3.8051857842034167,5.614377281703476,4.074213404112307,11.953132010450162,2.4994872501473395,7.192519543121846,5.298425841360502,8.554120195450565,5.579548843049508,5.525305730142621,5.785895064657382,1.8608738680153252,2.2093180191906807,3.6088507430110104,18.270034050502716
11509,61.65634929175525,37.245156468757074,2.2315194463668915,10.948930530341329,6.013732687253082,1.537038118079046,3.123644358732392,4.961254455091602,4.7984994312007885,10.632471349171027,3.9612788287498546,7.196430499407223,5.00253519310093,8.890840185073529,5.496082497055738,6.495497695408681,5.6943706392139575,3.5570250345721135,2.4186298637959265,3.72067284286394,21.7670738452224
11552,52.79708299451062,34.66600835259638,2.6713839992168547,4.436649888423233,0.8588229434774917,1.3961127511189915,3.1734833046689346,5.480218530720251,4.349790265081218,12.34397972552776,5.532513347675561,7.2714644902476575,5.3569765142859165,11.39720200947508,7.243320499563936,6.678351782229219,5.72438353480095,3.7268616966953516,2.6059967440283796,2.5531842136524814,19.44829140359255
12020,50.43448303838704,39.75237826230102,2.7978841775127092,7.483976459023722,1.6659761857980016,1.9089180908922074,4.050204826582544,6.812374624905932,5.009594235486389,10.422635654970264,5.583985837940929,7.296674263685076,5.251342802697951,8.877291929628456,5.224828962674451,6.815098828136469,5.503854110486458,2.6388461601208846,4.057838088242837,3.797647151993046,20.832646923315366
12178,57.09673961065624,42.91388624826547,2.0737247945142228,12.747736544769225,6.211706784384319,1.8034136310011704,3.302833296770345,5.414400369900925,5.819053984938776,8.673772162537304,3.8755957158370933,7.256365084792212,4.984147964224745,7.067992821246378,4.009596011406558,6.816628113792207,5.276892888950826,2.5032592380769145,4.216390911106595,5.19616932766658,22.588469212622186
12180,57.61695823786903,43.8455237071247,3.378962398252143,18.580765679843807,9.73592167382958,1.5770022037331586,3.427015478139708,5.485784515482276,4.500630118502102,11.294972214350835,2.4028599344644306,7.056893964223065,5.30825724966995,7.9614148711361565,5.056961736622327,5.380806294664644,5.6703129021220775,1.6725878076027527,2.2893799238505164,4.634459183420552,18.478683872285956
12232,53.38102359646251,19.13254661919879,2.144443498113529,-3.8574990801069475,-3.176772917668586,7.651384916970791,17.266270278014616,9.798748863369049,1.7848415526069061,16.43708112545056,8.771185538060465,7.538615508164598,4.900286056419229,13.39729253016938,8.306087263042883,7.935540279595287,14.236385470187372,2.29752075576733,1.521093964834611,-0.3450272215344805,13.454147864302826
12348,58.38337591765173,47.74486113580144,3.1529900573423726,22.989771669225206,13.24290127623982,1.3548893577656713,2.3764166340968984,4.674669185940338,4.822517981491053,9.626602020183299,2.7512315937982166,6.767361493664273,5.368886546487559,6.376417212489031,3.7055542639043324,4.97850836725172,5.126257095130825,1.7324531692522172,2.769521125661422,6.518845603784473,17.624195252785853
12367,54.534467754024206,42.9611870228149,1.2010681103062995,13.984929617769524,8.347756068230694,1.5539531996377463,1.944095463449898,4.594307703296117,5.950204686974118,6.676927168685452,5.520703072769827,6.803562130445438,4.927035421219503,6.189092526606714,2.955887865011249,6.665076120852852,4.790323459592926,3.667328418712188,3.707780777081494,7.638283886892391,21.988658403999437
12473,50.598753042738565,34.42968130346381,5.387856018037525,5.770239987079037,0.6007016938517609,1.7184261268201482,2.984300826241949,5.920881871464587,3.371600116001467,9.187681835918909,10.1243196292358,6.668610513284768,6.463806735108028,11.536624864235336,6.364935904656278,6.183149412152716,4.974709325432883,4.75724381645059,1.4699343576892456,2.802166154286083,15.28233608545429
12741,57.754229318862656,44.39268292238856,1.6382474522748849,19.2632728660235,12.127088394244083,0.976372835220765,1.6891443773007637,4.604484328422554,5.532545283065744,8.557011534175658,4.756297714459905,6.617493862993376,5.126671417900809,6.329612990235347,3.1798536470992076,5.624667766173654,5.038804581221271,3.5189603063639296,2.8485191540698924,6.056782023008593,19.806215999065245
14100,55.26053187103378,37.64811480200174,3.8817531506819725,6.323851365054281,0.3357578635400955,1.4647676026018672,1.4951094546916721,5.5175862454984035,3.5569644658323654,7.201805369841722,10.814445663703879,6.358950037528306,6.520883607845546,10.530291243629819,5.378074486690622,6.339425396219687,4.020821794578339,6.384783126884326,3.2868030037612055,5.483086509643361,15.157603649639697
14286,62.91985985743975,43.744038859069946,5.094329055968102,14.059423648106701,4.709779104460722,1.2590301951074494,1.8527850636253618,6.650636809195245,4.336747935393838,8.087308134694013,7.336198825368797,6.643578827089547,6.362198512022108,9.064838926802366,3.644185281881107,5.650350431280301,4.528866795737187,4.773675959155604,3.2548245085645124,4.795523086758467,16.093063594311815
14896,60.392632610998476,39.42584590864985,1.8269869120255384,1.4153072898704409,-2.326895932808611,1.1955618414605524,1.2157483773274578,8.781000907259738,7.360102145799658,5.601415189815498,7.445948249238739,6.943903104184913,5.8460343010192295,7.2788863542091065,2.957392524344698,7.9512149411128075,3.4244690458829297,6.801440154256024,4.220399855340515,6.236902615246069,28.15687541071577
15380,63.621713984701216,19.984337896330345,1.9836372086979965,-2.5434097092242496,-1.4805159484581623,7.7116584334102996,17.439042814377927,9.28081935198044,1.7929795290349873,16.626810646007698,10.157876679777608,7.358853459300564,4.942648642319251,13.894601039323362,9.084597314493323,7.963659906631782,14.56882292366248,2.310586079080892,1.4551292628289385,0.2273195889264512,14.349659811914194
16666,56.46923901554737,41.782447866814096,1.8135875014635578,9.903534043879915,2.3708320278586257,1.3782626787110388,1.3508733887341577,7.046318746266685,7.1596634258782075,5.522633453596242,6.869875125831413,6.796770571341604,5.636107538057089,6.160664636682583,3.0134265029478513,7.319182882090079,4.0627730153965445,4.851714829683786,5.038258252598416,7.1450803766121345,24.63621874262543
17100,54.79930117740736,44.900388186007774,2.412403603058631,11.377040794508332,3.4466346041695033,1.465647456000383,1.4536646709995296,7.086814307493746,6.788163905741101,4.6906707880121985,6.394285901601599,6.708368321914224,5.77834634390967,5.407213262312354,2.393541878096272,6.962987922344366,3.524210933520777,4.930555164364073,4.675255666433744,8.480901768261859,22.620818861375852
18827,58.543993776457,44.38397925290042,2.137332793611118,14.549044245521088,7.489805380558039,1.5301473724573924,2.52007365781148,6.518372416149045,5.660083760427284,8.550276204481705,5.104656898529072,6.886880357622875,5.145766982022981,7.31783316494591,3.5739192792723316,6.379312746504899,5.116217818155036,2.8390884527815246,4.86614535951678,6.072441460556017,20.552482878450093
19310,67.0583770961444,15.18307690930746,2.7436568104966375,-4.441452432452934,-2.7666490419175034,9.492206692696563,21.06624591283355,11.112711891207585,0.6908572450992381,17.79965735399182,12.345401348340808,7.25340224632672,5.154009217478255,14.65016409545467,8.658065477104543,7.980636508831475,17.203927762112713,2.3357288194984207,1.4439608692474497,-1.086758790192353,10.36298740868574
20859,23.055750116383194,34.464403603388206,1.777530562325346,7.3058374245227355,8.105017653729817,2.340705607543093,4.9091768504303275,7.312446507937008,4.509783928655082,10.413555596840382,-0.6258832691386118,7.803073805478365,4.841850701269497,6.657953761754925,5.242432298151897,7.050539904790243,4.7742660709338764,2.2454491942499146,1.135989075370821,2.1194251522532417,19.168472405008515
22201,53.24164788400458,36.60249869446045,4.3026863211116,2.981983702160221,-1.290494582473002,1.4456761000038085,1.9233154565129098,5.465243184614746,3.888855937844937,8.330483864121845,9.470046423617646,6.919241620851068,6.010490037194429,10.969075788316871,4.998646868655584,6.382492386046981,4.79246841869292,7.2874969388187765,3.7661657289278505,2.2198045369822585,17.30313553044425
22311,60.95843915396131,39.886831655271976,1.6173942345686152,6.149978986289284,1.275452993684894,1.2374620153952662,1.5041172668598222,8.336412846681068,6.270508570319478,6.860817251707829,6.2981251201992166,6.867561861647083,5.547754213995278,7.065167739970462,2.992022151285738,7.311210589185018,3.8493526506959483,5.748000714658087,4.31606591077337,6.417696154106518,25.761483077108466
22386,51.169403201160776,43.3084295989799,2.233885916502053,12.49280339782814,5.054097287584511,1.938123950467613,3.6292362308731185,5.431108107917726,5.685281410581446,8.958534258439187,2.6311187477675375,7.371955281872175,4.90860073283146,7.500392103780172,4.698283171428983,6.87226159963212,5.2976753758701705,1.7873319168231987,3.5624746101387803,5.229004563448732,21.681538986970452
22873,41.557691321931145,47.065411247498545,1.4626999704162769,20.07814087120829,12.018324222634249,0.88052766935823,1.7466197865584547,4.037226941930168,5.324897007406392,8.088366794281328,3.269859156673945,6.3115687277624914,5.090881543673107,6.471733465375934,3.632910926948,4.393086247042525,4.381625417322226,2.8599524290401064,2.846344175839347,6.968510761837819,17.030075003601297
24915,43.243681514570596,41.58676853233658,2.263849454550983,7.875572093445669,3.693048211400992,0.8827710539789635,1.7040740308205216,5.539349018984787,4.95779079073494,6.832402301993881,4.966609045442397,6.050921043443022,6.3537230459170235,8.200717175415292,4.594125075180955,5.557186506548844,2.336003612419546,4.256707408031112,2.775724267666847,11.000687320133945,18.99920268657766
26331,57.72094093186223,40.73029026617763,4.43698533767036,8.699884399213772,2.406156427840358,1.2658269372429416,1.9485337543064105,6.213601562672213,4.139890360252302,8.50369478700955,7.474964458450245,6.890977821332726,5.923623476514758,10.235213653117142,4.58924527556897,5.962462019838478,4.739206679908804,6.1385637242779225,4.22670625773897,2.0100468164073417,15.882634351892477
31244,61.8256849410144,48.97609763919344,5.019974767567056,21.8442703462527,8.85124365900225,1.160485137338945,1.380553228406498,7.57051546350371,4.563669612473518,7.70317509176374,5.231487214534539,6.455912049534553,6.5562414285039265,6.785639110931783,2.147339254152797,5.335120923748047,3.9407406728588796,2.248097808307783,2.413622799583232,8.44073514049514,16.303817410408755
31249,43.18841409527414,53.6467242553673,4.304323256003834,27.39779152729494,15.263064913195933,1.1935074947790838,2.7425218111557683,4.131758102390091,5.162589504938339,9.88285584652904,1.8397314068165755,6.23568361035636,5.907853194173638,5.499035890287217,3.212072231300027,3.2368469887599725,4.442998398604814,0.759222893620624,2.4274963761425514,8.257817121540324,11.783632989083003
31252,52.75500962057407,43.14660573340049,4.406709965859917,9.483511646946397,1.9859371422314211,1.3445648040874119,1.7338374821198954,6.214472914598581,4.3443393962437895,7.894534127041254,6.987206764274212,6.9134520086231745,5.807867352871791,9.513617234173552,3.8551227857480512,5.930010070839899,4.8222138111225235,5.7276578508373746,3.8495299064910586,3.1072652824813707,16.155892513736035
31265,56.76532431259386,49.071866046648935,2.743027942737757,24.805899790649903,16.13689154653133,1.2436195306823663,2.0837952016503465,4.582202558218949,5.194611358830883,8.778695356821942,2.237743058336143,6.696403855336282,5.239440268332562,5.8090181295685,3.3134037272385797,4.875146155177142,4.843104332294018,1.7791443481632854,2.729057536020642,7.34360279167593,18.041694493153983
31266,54.91933919884383,47.05216508772135,2.851461455805379,21.28942585601959,13.053851241759617,1.1227936559441574,2.211715451934822,5.4819255567362255,4.784824029010153,9.726665104330209,3.2739309652527098,6.520813624330645,5.446530281369327,7.278603789174525,4.002943121027869,4.645443015446782,4.88264776997039,2.1629861525935254,3.304185023256652,6.732904945372812,16.528188934518653
31272,57.997870374519835,47.17744549550825,3.4021416707153724,21.16607245724515,11.359257006180599,1.4772390989929463,2.775008260623011,4.792978824993245,4.651642506419265,10.142436172944045,2.4580915464429722,6.901379661394778,5.36555427700867,6.923199482470409,4.218415184395639,5.107223597570311,5.267612508761232,1.5599697766741727,2.436550281603667,6.186574288997682,17.82218465257415
31276,57.76906849738697,47.38096168573492,3.197359725032361,18.88861289502779,11.64038341577185,1.2652494717595104,2.1976923659283756,4.843719978829853,4.911590159293674,10.086119586053712,2.7776326247480227,6.791184558461136,5.5317337048724164,6.817907070800146,3.92258571624032,5.082327539011601,5.008995833625235,2.1235997489039917,3.1820423457085827,6.711193084173796,18.198379634695016
31277,48.11500052178576,26.49683415833863,6.076434273704953,4.732967861257237,-4.405553684996789,4.360668900946322,9.891079168879386,6.815141734458702,1.233239695642979,15.972990737046217,13.369171802481453,6.303190293921139,6.585064000372985,15.543202736507823,11.202841184769028,5.256000989300237,10.527630070812648,4.0012767125140485,-0.9212203382512261,1.8085699374337123,7.576034706473877
61016,63.70655911663522,37.706043855002434,2.2958471200307065,7.984976641396543,6.463467200274408,0.9356515295568428,1.229994279290139,6.281396316212994,4.427331848734255,10.322453796011771,6.863057414679496,6.68963661052233,5.550329650154253,8.9898217232261,4.753947064188225,5.995480223214476,4.791223247255971,5.067440336015991,4.053642311557413,5.615776030012113,19.53960708108707
61138,51.38849123381328,40.375190826560726,4.272143151637368,11.121540411595731,3.6308956417839795,1.3787526669741297,3.5291398543864148,6.4615694414590905,3.9612706553308925,12.565566186482059,4.843218740953617,6.886200887790132,5.7729430627195955,11.553102444267694,7.869867781737042,5.535481248823407,5.798924638724259,2.358094762008271,2.3532241885092677,3.4706908506844263,15.371255004197167
61199,55.73699282223657,47.56149464709678,5.627788916204174,16.822123160989747,2.9423302607951314,1.110548193400227,2.145528586879493,6.801547623698866,5.047721845622533,8.810694742232144,7.344740270845882,6.5692826735651,6.423730215869243,8.783326584469393,4.067386188609447,5.039750616131607,4.44005340850606,4.320579848982575,3.092750563944394,4.612335920583667,16.077905970410512
62336,55.95758643019309,37.17468901174789,2.809639101170837,7.127715386647992,2.032587881107986,0.9474769975648982,0.880406944996281,6.450045652906397,4.790499046820884,7.8205983796754595,7.340571791291694,6.320098392011735,6.48203237447905,7.836137948001777,3.285172241378916,6.047643219788416,3.4775363211444557,5.246386278780044,4.400987769489925,8.202008535552991,22.1585879495035
62433,50.20060410126172,41.62810532562105,1.7215914745637813,17.41008094651818,10.438596400078097,1.205108917607312,1.8531378369166305,4.056462265092012,4.986504294151963,8.265386086880781,4.476318225339583,6.500570621468251,5.134464830638639,7.21551590813948,4.212150383743193,5.125642222506128,4.686001352310839,3.719983495847444,2.848073034836366,6.683575290238529,18.71111945607612
62444,69.367066069131,31.481633424194285,2.9783760137428485,9.971672490307355,7.190790401737047,4.657153171636772,10.216728404659719,7.200771525575988,3.3059504802710578,13.728259264242098,7.5800158568246445,7.056893964223065,5.258093399786567,10.910981427397388,7.4650302634851755,6.577082979560592,10.598967108829484,2.0728384042079853,2.1005905022415927,2.197165593283379,15.921005180607636
62465,60.86351286790085,45.81250688157516,4.5501302956884855,16.434253133486948,2.40202423195268,1.1231066768600684,2.025886178287223,8.498849174764509,4.773604810926415,7.135037413999328,7.022040264077823,6.510890505148327,6.424059205518274,7.810756768943776,3.024005438493674,5.581002353718651,3.8179378385270155,4.642753239052169,3.199555999937262,6.976079784618618,20.474939547496945
66328,59.594506628014585,36.77765156144781,4.485762748519931,10.626531539780842,3.6389937976359192,1.4531928402094252,2.456770491064489,4.947182803717215,4.6418595223506145,9.89703959850884,9.464274156377947,6.511811996218195,6.371347347675775,9.475897921317824,5.168342200952111,5.68651681419852,4.865505161142295,4.7866609792800645,2.661313549048396,4.394351800431241,16.844708366764195
78605,59.31273405922866,37.48036003819462,3.0758626407766476,5.995833417668848,0.19449645131237503,1.1434062100940494,1.3030859942942357,7.206531223611151,5.407159513418023,5.686802874893814,8.637576667511908,6.257610496910836,6.742807715761375,9.510315043274005,4.809867246442735,7.239970709656078,3.0520236799174825,5.426542770452322,2.0446851016785406,8.427607406047354,21.685622461495456
91497,35.49432740927938,35.51644749566992,2.1228969903487274,-3.5520467190204386,-11.135612259231664,0.6271127539871202,0.9371559644874878,8.697306075749118,6.277196562482139,3.442540449878493,8.419054431356436,6.055698650077172,6.845665342564755,10.76308262938224,4.303200333296161,7.671093455658632,1.089684663127997,7.052129562985165,1.7647221316244472,9.79130431829951,26.01219778565283
93009,52.426178999849355,37.38289794745023,2.9452499656533666,3.932676565875738,-1.6176307197466144,0.917238378706088,0.9974930594962785,6.510155538176431,6.253682937500471,6.388517167996795,6.51408977762069,6.360286873461552,6.4655669841492704,9.484980854620716,4.444381590893215,6.471325519831157,2.968112203019899,5.674629811877175,5.546121924191896,6.262685649220031,21.167318792210523
443158,55.81449628906614,42.23746795124413,2.124140991436536,6.651885061261112,5.010158436972972,1.3732694613781504,1.665188400707919,7.2816278369994585,5.154411809816949,8.12854539191548,7.2167865905262545,6.6497135457018395,5.6169929912615375,7.107547134499271,3.1969938399096804,6.356412514568669,4.1080358979856015,4.8876160630267975,5.411921783808223,8.502471336634443,20.886087132889884
637511,62.969735566190025,35.746175516352764,4.286851498475394,10.556088863301909,2.9580712205744817,1.1414814059453988,1.4433294272764243,7.077918077010796,3.6717670788875196,7.91852796359413,8.527009668095673,6.4594765720535365,6.519266024971461,9.996044339102895,4.156092521514466,6.496657447758714,3.8395894584725596,4.432672848636756,2.7511030471110036,5.974559445127158,17.001692758548046
637566,58.62542716284088,46.64728722625736,2.567110161178081,14.420793568589545,9.353860521554793,1.2613232748766876,1.7558934545750873,7.189164039276228,4.84375703329259,8.833727445494304,5.449638998171949,6.5880534235312656,5.581210671135245,7.2179374140588095,3.4586991952239146,5.718288638014917,4.6861881854780165,3.7373600927730664,4.7806298118470725,6.928464315523278,19.4655579152529
637776,55.98731693285839,52.03004891925204,3.9938049312319093,21.38243520678219,6.871064672428304,1.1481398231078614,1.5288614133808949,8.6523639222386,4.792979588340842,6.528842195808878,4.513012272843355,6.30417997216193,6.349375801551668,5.45199005317653,1.2271692420415263,4.971874256597962,2.908385848340558,3.9289891312166247,4.163342657326867,9.541977973893164,18.40094500041502
638011,65.70170476355366,36.612455167116764,2.750347854714552,6.352526289589434,5.593321186131448,0.9088505117752916,1.4709919223381576,6.41980901680197,3.8255517237561776,10.953633914608801,7.487766726727521,6.5236424593060285,6.054239511010374,9.576936435079261,4.932312546966273,5.729648711484824,4.385169456729059,5.601595620692741,5.731429792794168,5.860430793834612,18.795342847383893
5281168,61.44496571547563,39.236992839388876,3.29419364198253,11.798044711572118,4.638312124868719,1.306136505669926,3.127346335361267,6.165165351561551,4.111455912555016,11.858545142506586,3.624728860042069,7.020343988527834,5.418137471422214,11.10257616847636,6.3363288697264295,6.106409461330831,5.779157441197256,2.807664421468509,4.070525376032892,3.8322084413095707,15.839088204968704
5281515,50.31448701049413,38.27218517574099,1.4923892400193823,0.542497824413033,-4.824495802770116,0.7770769110146887,0.555980389150406,9.202135988980007,6.88936173622443,4.564554188021873,8.776784298362571,6.419643661093028,6.373950769351491,7.604233033346844,2.7243087265954102,7.7600611623838365,2.108089396871094,7.5546893977648395,4.474914495926084,8.529749759246357,27.319743249470008
5283349,62.08921606200744,34.464597177673625,2.702462984066959,6.271336490893248,3.44728757884144,0.9811613107433459,1.5631796999410028,5.409254223555514,2.8712542229582922,10.992564650555934,7.9736774676616164,6.471179994397277,5.841823068634285,11.307645251936464,5.982977930610247,5.69785283785312,4.397000542274242,5.635573925182143,5.789206594565831,5.32615163776656,15.726695773884586
5373603,53.24687795697281,37.15946575577303,4.841919212221694,7.258594929121671,-3.7773309504575536,1.38152006827805,1.7475089109478859,7.620924676034797,4.630788869299494,5.413321445943851,9.62484145338474,6.2490698213083755,6.830201263347268,10.331405762210608,4.110526957743815,6.518593477218671,2.9113985138793055,5.804861984013964,2.0125515259472078,6.6858726551578895,18.231914239733413
6259976,23.050384947117493,34.45708399495942,1.7779917259438776,7.303027773027964,8.084468483059197,2.3417184520671697,4.910301054704831,7.321813166597682,4.504379268654283,10.41497931801456,-0.6165510201942723,7.802979300691077,4.842051395334388,6.668611140711278,5.247743466383383,7.051246808728517,4.776345047142129,2.2478641561098343,1.1361066970242444,2.11858183518327,19.15676135025987
19789253,33.9901027810227,36.006599525189216,4.9750473770345645,7.003887336123796,-1.0738437417776936,1.8620273989199632,3.8713354897469543,5.454717835625658,3.5284540139347698,11.627082831407094,8.5212524875367,6.9923315705967175,5.923493474391716,10.349225134034015,7.217564600517704,5.8176021698880716,5.852467427689476,3.751463721754412,1.3102779307706829,2.8221304306115362,14.532650505621717
25137858,42.03446846734255,37.05792003321966,1.9658395243293993,-1.839356402140993,-7.635958521972441,1.1348171926945767,3.1331480782529724,7.942220851969932,4.031695346520891,7.334889937555019,8.500318633982324,5.8454478493427615,6.946464732745375,11.188142725825315,6.46526603036375,6.189483292338731,1.8934757234491855,7.3217303281381625,3.750397269520713,11.62573053699295,21.851244821306324
